Chemical,Concentration_ng_L_Error,Concentration_ng_L_Value,Day,Mass_Load_g_d_Error,Mass_Load_g_d_Value,Month,Population_Normalized_Mass_Lo_1,Population_Normalized_Mass_Load,Sample_Date,Site,Week
Oxycodone,4.26,101.37,(1) Mon,0.06,1.51,(05) May,0,24.77,2018-05-14 03:00:00,TP02,0
Oxycodone,2.33,106.94,(2) Tue,0.04,1.68,(05) May,0,27.54,2018-05-15 03:00:00,TP02,0
Oxycodone,1.81,102.03,(3) Wed,0.03,1.6,(05) May,0,26.22,2018-05-16 03:00:00,TP02,0
Oxycodone,5.34,115.53,(4) Thu,0.08,1.78,(05) May,0,29.27,2018-05-17 03:00:00,TP02,0
Oxycodone,4.22,103.88,(5) Fri,0.06,1.54,(05) May,0,25.28,2018-05-18 03:00:00,TP02,0
Oxycodone,1.83,95.74,(6) Sat,0.03,1.41,(05) May,0,23.13,2018-05-19 03:00:00,TP02,0
Oxycodone,11.37,96.82,(7) Sun,0.17,1.43,(05) May,0,23.52,2018-05-20 03:00:00,TP02,0
Noroxycodone,0.82,123.22,(1) Mon,0.01,1.83,(05) May,0,30.11,2018-05-14 03:00:00,TP02,0
Noroxycodone,2.63,108.03,(2) Tue,0.04,1.69,(05) May,0,27.82,2018-05-15 03:00:00,TP02,0
Noroxycodone,4.34,116.1,(3) Wed,0.07,1.82,(05) May,0,29.83,2018-05-16 03:00:00,TP02,0
Noroxycodone,6.93,126.1,(4) Thu,0.11,1.95,(05) May,0,31.95,2018-05-17 03:00:00,TP02,0
Noroxycodone,2.26,118.43,(5) Fri,0.03,1.76,(05) May,0,28.82,2018-05-18 03:00:00,TP02,0
Noroxycodone,2.12,114.72,(6) Sat,0.03,1.69,(05) May,0,27.72,2018-05-19 03:00:00,TP02,0
Noroxycodone,11.31,114.82,(7) Sun,0.17,1.7,(05) May,0,27.89,2018-05-20 03:00:00,TP02,0
Codeine,3.73,89.37,(1) Mon,0.06,1.33,(05) May,0,21.84,2018-05-14 03:00:00,TP02,0
Codeine,1.03,114.21,(2) Tue,0.02,1.79,(05) May,0,29.41,2018-05-15 03:00:00,TP02,0
Codeine,2.13,98.79,(3) Wed,0.03,1.55,(05) May,0,25.38,2018-05-16 03:00:00,TP02,0
Codeine,7.26,113.84,(4) Thu,0.11,1.76,(05) May,0,28.85,2018-05-17 03:00:00,TP02,0
Codeine,6.36,178.28,(5) Fri,0.09,2.64,(05) May,0,43.39,2018-05-18 03:00:00,TP02,0
Codeine,0.2,93.95,(6) Sat,0.0,1.38,(05) May,0,22.7,2018-05-19 03:00:00,TP02,0
Codeine,8.95,113.48,(7) Sun,0.13,1.68,(05) May,0,27.56,2018-05-20 03:00:00,TP02,0
Fentanyl,-9999.99,-9999.99,(1) Mon,-9999.99,-9999.99,(05) May,-10000,-9999.99,2018-05-14 03:00:00,TP02,0
Fentanyl,-9999.99,-9999.99,(2) Tue,-9999.99,-9999.99,(05) May,-10000,-9999.99,2018-05-15 03:00:00,TP02,0
Fentanyl,-9999.99,-9999.99,(3) Wed,-9999.99,-9999.99,(05) May,-10000,-9999.99,2018-05-16 03:00:00,TP02,0
Fentanyl,-9999.99,-9999.99,(4) Thu,-9999.99,-9999.99,(05) May,-10000,-9999.99,2018-05-17 03:00:00,TP02,0
Fentanyl,0.3,0.78,(5) Fri,0.0,0.01,(05) May,0,0.19,2018-05-18 03:00:00,TP02,0
Fentanyl,0.11,2.1,(6) Sat,0.0,0.03,(05) May,0,0.51,2018-05-19 03:00:00,TP02,0
Fentanyl,0.12,2.54,(7) Sun,0.0,0.04,(05) May,0,0.62,2018-05-20 03:00:00,TP02,0
Norfentanyl,0.26,12.99,(1) Mon,0.0,0.19,(05) May,0,3.17,2018-05-14 03:00:00,TP02,0
Norfentanyl,0.65,23.35,(2) Tue,0.01,0.37,(05) May,0,6.01,2018-05-15 03:00:00,TP02,0
Norfentanyl,2.39,20.55,(3) Wed,0.04,0.32,(05) May,0,5.28,2018-05-16 03:00:00,TP02,0
Norfentanyl,1.26,13.94,(4) Thu,0.02,0.22,(05) May,0,3.53,2018-05-17 03:00:00,TP02,0
Norfentanyl,1.15,14.63,(5) Fri,0.02,0.22,(05) May,0,3.56,2018-05-18 03:00:00,TP02,0
Norfentanyl,1.43,16.3,(6) Sat,0.02,0.24,(05) May,0,3.94,2018-05-19 03:00:00,TP02,0
Norfentanyl,0.66,11.08,(7) Sun,0.01,0.16,(05) May,0,2.69,2018-05-20 03:00:00,TP02,0
Heroin,0.46,35.14,(1) Mon,0.01,0.52,(05) May,0,8.59,2018-05-14 03:00:00,TP02,0
Heroin,1.44,47.34,(2) Tue,0.02,0.74,(05) May,0,12.19,2018-05-15 03:00:00,TP02,0
Heroin,0.41,26.06,(3) Wed,0.01,0.41,(05) May,0,6.7,2018-05-16 03:00:00,TP02,0
Heroin,2.42,26.43,(4) Thu,0.04,0.41,(05) May,0,6.7,2018-05-17 03:00:00,TP02,0
Heroin,2.07,26.1,(5) Fri,0.03,0.39,(05) May,0,6.35,2018-05-18 03:00:00,TP02,0
Heroin,1.02,26.66,(6) Sat,0.01,0.39,(05) May,0,6.44,2018-05-19 03:00:00,TP02,0
Heroin,-9999.99,-9999.99,(7) Sun,-9999.99,-9999.99,(05) May,-10000,-9999.99,2018-05-20 03:00:00,TP02,0
6-Acetylmorphine,4.89,88.8,(1) Mon,0.07,1.32,(05) May,0,21.7,2018-05-14 03:00:00,TP02,0
6-Acetylmorphine,2.28,127.11,(2) Tue,0.04,1.99,(05) May,0,32.74,2018-05-15 03:00:00,TP02,0
6-Acetylmorphine,5.71,91.11,(3) Wed,0.09,1.43,(05) May,0,23.41,2018-05-16 03:00:00,TP02,0
6-Acetylmorphine,5.74,71.77,(4) Thu,0.09,1.11,(05) May,0,18.19,2018-05-17 03:00:00,TP02,0
6-Acetylmorphine,0.39,83.86,(5) Fri,0.01,1.24,(05) May,0,20.41,2018-05-18 03:00:00,TP02,0
6-Acetylmorphine,5.09,69.15,(6) Sat,0.07,1.02,(05) May,0,16.71,2018-05-19 03:00:00,TP02,0
6-Acetylmorphine,3.72,49.89,(7) Sun,0.06,0.74,(05) May,0,12.12,2018-05-20 03:00:00,TP02,0
Oxycodone,4.84,103.83,(1) Mon,0.08,1.67,(07) July,0,27.46,2018-07-23 03:00:00,TP02,10
Oxycodone,3.2,108.5,(2) Tue,0.05,1.74,(07) July,0,28.55,2018-07-24 03:00:00,TP02,10
Oxycodone,16.84,110.61,(3) Wed,0.28,1.82,(07) July,0,29.94,2018-07-25 03:00:00,TP02,10
Oxycodone,9999.99,9999.99,(4) Thu,9999.99,9999.99,(07) July,10000,9999.99,2018-07-26 03:00:00,TP02,10
Oxycodone,1.58,109.69,(5) Fri,0.03,1.73,(07) July,0,28.47,2018-07-27 03:00:00,TP02,10
Oxycodone,3.86,191.89,(6) Sat,0.06,3.14,(07) July,0,51.63,2018-07-28 03:00:00,TP02,10
Oxycodone,9999.99,9999.99,(7) Sun,9999.99,9999.99,(07) July,10000,9999.99,2018-07-29 03:00:00,TP02,10
Noroxycodone,3.98,146.45,(2) Tue,0.06,2.35,(07) July,0,38.53,2018-07-23 03:00:00,TP02,10
Noroxycodone,5.36,103.53,(3) Wed,0.09,1.71,(07) July,0,28.03,2018-07-24 03:00:00,TP02,10
Noroxycodone,9999.99,9999.99,(4) Thu,9999.99,9999.99,(07) July,10000,9999.99,2018-07-25 03:00:00,TP02,10
Noroxycodone,2.31,141.31,(5) Fri,0.04,2.23,(07) July,0,36.67,2018-07-26 03:00:00,TP02,10
Noroxycodone,2.48,293.97,(6) Sat,0.04,4.82,(07) July,0,79.1,2018-07-27 03:00:00,TP02,10
Noroxycodone,9999.99,9999.99,(7) Sun,9999.99,9999.99,(07) July,10000,9999.99,2018-07-28 03:00:00,TP02,10
Codeine,4.3,110.64,(1) Mon,0.07,1.78,(07) July,0,29.26,2018-07-29 03:00:00,TP02,10
Codeine,15.41,117.24,(3) Wed,0.25,1.93,(07) July,0,31.74,2018-07-23 03:00:00,TP02,10
Codeine,9999.99,9999.99,(4) Thu,9999.99,9999.99,(07) July,10000,9999.99,2018-07-24 03:00:00,TP02,10
Codeine,12.18,120.49,(5) Fri,0.19,1.9,(07) July,0,31.27,2018-07-25 03:00:00,TP02,10
Codeine,15.36,266.3,(6) Sat,0.25,4.36,(07) July,0,71.66,2018-07-26 03:00:00,TP02,10
Codeine,9999.99,9999.99,(7) Sun,9999.99,9999.99,(07) July,10000,9999.99,2018-07-27 03:00:00,TP02,10
Fentanyl,0.07,2.08,(1) Mon,0.0,0.03,(07) July,0,0.55,2018-07-28 03:00:00,TP02,10
Fentanyl,0.14,1.18,(2) Tue,0.0,0.02,(07) July,0,0.31,2018-07-29 03:00:00,TP02,10
Fentanyl,9999.99,9999.99,(4) Thu,9999.99,9999.99,(07) July,10000,9999.99,2018-07-23 03:00:00,TP02,10
Fentanyl,0.21,2.9,(5) Fri,0.0,0.05,(07) July,0,0.75,2018-07-24 03:00:00,TP02,10
Fentanyl,0.05,1.67,(6) Sat,0.0,0.03,(07) July,0,0.45,2018-07-25 03:00:00,TP02,10
Fentanyl,9999.99,9999.99,(7) Sun,9999.99,9999.99,(07) July,10000,9999.99,2018-07-26 03:00:00,TP02,10
Norfentanyl,1.12,12.18,(1) Mon,0.02,0.2,(07) July,0,3.22,2018-07-27 03:00:00,TP02,10
Norfentanyl,1.66,13.61,(2) Tue,0.03,0.22,(07) July,0,3.58,2018-07-28 03:00:00,TP02,10
Norfentanyl,2.37,13.19,(3) Wed,0.04,0.22,(07) July,0,3.57,2018-07-29 03:00:00,TP02,10
Norfentanyl,0.36,9.79,(5) Fri,0.01,0.15,(07) July,0,2.54,2018-07-23 03:00:00,TP02,10
Norfentanyl,0.84,16.8,(6) Sat,0.01,0.28,(07) July,0,4.52,2018-07-24 03:00:00,TP02,10
Norfentanyl,9999.99,9999.99,(7) Sun,9999.99,9999.99,(07) July,10000,9999.99,2018-07-25 03:00:00,TP02,10
Heroin,2.9,32.42,(1) Mon,0.05,0.52,(07) July,0,8.57,2018-07-26 03:00:00,TP02,10
Heroin,1.17,33.99,(2) Tue,0.02,0.54,(07) July,0,8.94,2018-07-27 03:00:00,TP02,10
Heroin,1.78,44.15,(3) Wed,0.03,0.73,(07) July,0,11.95,2018-07-28 03:00:00,TP02,10
Heroin,9999.99,9999.99,(4) Thu,9999.99,9999.99,(07) July,10000,9999.99,2018-07-29 03:00:00,TP02,10
Heroin,2.85,25.7,(6) Sat,0.05,0.42,(07) July,0,6.92,2018-07-23 03:00:00,TP02,10
Heroin,9999.99,9999.99,(7) Sun,9999.99,9999.99,(07) July,10000,9999.99,2018-07-24 03:00:00,TP02,10
6-Acetylmorphine,0.06,78.48,(1) Mon,0.0,1.26,(07) July,0,20.75,2018-07-25 03:00:00,TP02,10
6-Acetylmorphine,1.84,72.55,(2) Tue,0.03,1.16,(07) July,0,19.09,2018-07-26 03:00:00,TP02,10
6-Acetylmorphine,0.9,84.08,(3) Wed,0.01,1.39,(07) July,0,22.76,2018-07-27 03:00:00,TP02,10
6-Acetylmorphine,9999.99,9999.99,(4) Thu,9999.99,9999.99,(07) July,10000,9999.99,2018-07-28 03:00:00,TP02,10
6-Acetylmorphine,6.06,92.67,(5) Fri,0.1,1.46,(07) July,0,24.05,2018-07-29 03:00:00,TP02,10
6-Acetylmorphine,9999.99,9999.99,(7) Sun,9999.99,9999.99,(07) July,10000,9999.99,2018-07-23 03:00:00,TP02,10
Noroxycodone,13.92,106.35,(1) Mon,0.22,1.71,(07) July,0,28.13,2018-07-30 03:00:00,TP02,11
Codeine,13.66,155.07,(2) Tue,0.22,2.48,(07) July,0,40.8,2018-07-30 03:00:00,TP02,11
Fentanyl,0.22,1.94,(3) Wed,0.0,0.03,(07) July,0,0.53,2018-07-30 03:00:00,TP02,11
Norfentanyl,9999.99,9999.99,(4) Thu,9999.99,9999.99,(07) July,10000,9999.99,2018-07-30 03:00:00,TP02,11
Heroin,-9999.99,-9999.99,(5) Fri,-9999.99,-9999.99,(07) July,-10000,-9999.99,2018-07-30 03:00:00,TP02,11
6-Acetylmorphine,0.36,43.51,(6) Sat,0.01,0.71,(07) July,0,11.71,2018-07-30 03:00:00,TP02,11
Oxycodone,2.06,93.76,(1) Mon,0.04,1.74,(08) August,0,28.51,2018-08-20 03:00:00,TP02,14
Oxycodone,6.37,91.09,(2) Tue,0.12,1.67,(08) August,0,27.39,2018-08-21 03:00:00,TP02,14
Oxycodone,8.04,80.43,(3) Wed,0.15,1.5,(08) August,0,24.61,2018-08-22 03:00:00,TP02,14
Oxycodone,5.51,86.86,(4) Thu,0.11,1.66,(08) August,0,27.33,2018-08-23 03:00:00,TP02,14
Oxycodone,3.32,90.01,(5) Fri,0.06,1.63,(08) August,0,26.73,2018-08-24 03:00:00,TP02,14
Oxycodone,5.76,98.22,(6) Sat,0.1,1.76,(08) August,0,28.93,2018-08-25 03:00:00,TP02,14
Noroxycodone,5.09,111.76,(1) Mon,0.09,2.07,(08) August,0,33.98,2018-08-20 03:00:00,TP02,14
Noroxycodone,3.97,116.74,(2) Tue,0.07,2.14,(08) August,0,35.1,2018-08-21 03:00:00,TP02,14
Noroxycodone,5.24,116.05,(3) Wed,0.1,2.16,(08) August,0,35.51,2018-08-22 03:00:00,TP02,14
Noroxycodone,3.62,107.66,(4) Thu,0.07,2.06,(08) August,0,33.88,2018-08-23 03:00:00,TP02,14
Noroxycodone,2.84,108.85,(5) Fri,0.05,1.97,(08) August,0,32.32,2018-08-24 03:00:00,TP02,14
Noroxycodone,1.54,129.52,(6) Sat,0.03,2.32,(08) August,0,38.14,2018-08-25 03:00:00,TP02,14
Codeine,0.15,73.77,(1) Mon,0.0,1.37,(08) August,0,22.43,2018-08-20 03:00:00,TP02,14
Codeine,1.31,57.69,(2) Tue,0.02,1.06,(08) August,0,17.35,2018-08-21 03:00:00,TP02,14
Codeine,6.73,59.94,(3) Wed,0.13,1.12,(08) August,0,18.34,2018-08-22 03:00:00,TP02,14
Codeine,3.35,63.52,(4) Thu,0.06,1.22,(08) August,0,19.99,2018-08-23 03:00:00,TP02,14
Codeine,6.33,48.89,(5) Fri,0.11,0.88,(08) August,0,14.52,2018-08-24 03:00:00,TP02,14
Codeine,0.78,61.72,(6) Sat,0.01,1.11,(08) August,0,18.18,2018-08-25 03:00:00,TP02,14
Fentanyl,0.04,4.85,(1) Mon,0.0,0.09,(08) August,0,1.48,2018-08-20 03:00:00,TP02,14
Fentanyl,0.4,5.12,(2) Tue,0.01,0.09,(08) August,0,1.54,2018-08-21 03:00:00,TP02,14
Fentanyl,0.34,4.79,(3) Wed,0.01,0.09,(08) August,0,1.46,2018-08-22 03:00:00,TP02,14
Fentanyl,0.18,4.57,(4) Thu,0.0,0.09,(08) August,0,1.44,2018-08-23 03:00:00,TP02,14
Fentanyl,0.0,4.44,(5) Fri,0.0,0.08,(08) August,0,1.32,2018-08-24 03:00:00,TP02,14
Fentanyl,0.05,5.75,(6) Sat,0.0,0.1,(08) August,0,1.69,2018-08-25 03:00:00,TP02,14
Norfentanyl,1.72,16.18,(1) Mon,0.03,0.3,(08) August,0,4.92,2018-08-20 03:00:00,TP02,14
Norfentanyl,6.24,19.44,(2) Tue,0.11,0.36,(08) August,0,5.84,2018-08-21 03:00:00,TP02,14
Norfentanyl,0.51,15.14,(3) Wed,0.01,0.28,(08) August,0,4.63,2018-08-22 03:00:00,TP02,14
Norfentanyl,0.69,16.46,(4) Thu,0.01,0.32,(08) August,0,5.18,2018-08-23 03:00:00,TP02,14
Norfentanyl,1.17,15.04,(5) Fri,0.02,0.27,(08) August,0,4.47,2018-08-24 03:00:00,TP02,14
Norfentanyl,5.52,19.55,(6) Sat,0.1,0.35,(08) August,0,5.76,2018-08-25 03:00:00,TP02,14
Heroin,-9999.99,-9999.99,(1) Mon,-9999.99,-9999.99,(08) August,-10000,-9999.99,2018-08-20 03:00:00,TP02,14
Heroin,-9999.99,-9999.99,(2) Tue,-9999.99,-9999.99,(08) August,-10000,-9999.99,2018-08-21 03:00:00,TP02,14
Heroin,-9999.99,-9999.99,(3) Wed,-9999.99,-9999.99,(08) August,-10000,-9999.99,2018-08-22 03:00:00,TP02,14
Heroin,-9999.99,-9999.99,(4) Thu,-9999.99,-9999.99,(08) August,-10000,-9999.99,2018-08-23 03:00:00,TP02,14
Heroin,-9999.99,-9999.99,(5) Fri,-9999.99,-9999.99,(08) August,-10000,-9999.99,2018-08-24 03:00:00,TP02,14
Heroin,-9999.99,-9999.99,(6) Sat,-9999.99,-9999.99,(08) August,-10000,-9999.99,2018-08-25 03:00:00,TP02,14
6-Acetylmorphine,1.7,42.8,(1) Mon,0.03,0.79,(08) August,0,13.01,2018-08-20 03:00:00,TP02,14
6-Acetylmorphine,1.42,56.62,(2) Tue,0.03,1.04,(08) August,0,17.02,2018-08-21 03:00:00,TP02,14
6-Acetylmorphine,8.9,56.35,(3) Wed,0.17,1.05,(08) August,0,17.24,2018-08-22 03:00:00,TP02,14
6-Acetylmorphine,2.81,39.39,(4) Thu,0.05,0.75,(08) August,0,12.4,2018-08-23 03:00:00,TP02,14
6-Acetylmorphine,0.77,30.0,(5) Fri,0.01,0.54,(08) August,0,8.91,2018-08-24 03:00:00,TP02,14
6-Acetylmorphine,6.49,70.28,(6) Sat,0.12,1.26,(08) August,0,20.7,2018-08-25 03:00:00,TP02,14
Oxycodone,5.86,93.61,(7) Sun,0.11,1.7,(08) August,0,27.96,2018-08-27 03:00:00,TP02,15
Noroxycodone,2.27,124.21,(7) Sun,0.04,2.26,(08) August,0,37.09,2018-08-27 03:00:00,TP02,15
Codeine,4.39,60.25,(7) Sun,0.08,1.1,(08) August,0,17.99,2018-08-27 03:00:00,TP02,15
Fentanyl,0.33,5.96,(7) Sun,0.01,0.11,(08) August,0,1.78,2018-08-27 03:00:00,TP02,15
Norfentanyl,3.63,15.84,(7) Sun,0.07,0.29,(08) August,0,4.73,2018-08-27 03:00:00,TP02,15
Heroin,-9999.99,-9999.99,(7) Sun,-9999.99,-9999.99,(08) August,-10000,-9999.99,2018-08-27 03:00:00,TP02,15
6-Acetylmorphine,10.92,65.93,(7) Sun,0.2,1.2,(08) August,0,19.69,2018-08-27 03:00:00,TP02,15
Oxycodone,1.53,70.02,(1) Mon,0.03,1.27,(09) September,0,20.91,2018-09-10 03:00:00,TP02,17
Oxycodone,1.41,64.27,(2) Tue,0.03,1.18,(09) September,0,19.44,2018-09-11 03:00:00,TP02,17
Oxycodone,18.74,103.54,(3) Wed,0.34,1.89,(09) September,0,30.97,2018-09-12 03:00:00,TP02,17
Oxycodone,32.26,67.96,(4) Thu,0.6,1.27,(09) September,0,20.9,2018-09-13 03:00:00,TP02,17
Oxycodone,8.89,86.5,(5) Fri,0.15,1.49,(09) September,0,24.4,2018-09-14 03:00:00,TP02,17
Oxycodone,2.74,99.94,(6) Sat,0.05,1.66,(09) September,0,27.25,2018-09-15 03:00:00,TP02,17
Oxycodone,0.62,84.59,(7) Sun,0.01,1.49,(09) September,0,24.5,2018-09-16 03:00:00,TP02,17
Noroxycodone,0.32,86.13,(1) Mon,0.01,1.57,(09) September,0,25.72,2018-09-10 03:00:00,TP02,17
Noroxycodone,2.94,75.36,(2) Tue,0.05,1.39,(09) September,0,22.79,2018-09-11 03:00:00,TP02,17
Noroxycodone,51.03,280.29,(3) Wed,0.93,5.11,(09) September,0,83.85,2018-09-12 03:00:00,TP02,17
Noroxycodone,25.06,66.3,(4) Thu,0.47,1.24,(09) September,0,20.39,2018-09-13 03:00:00,TP02,17
Noroxycodone,4.28,87.82,(5) Fri,0.07,1.51,(09) September,0,24.77,2018-09-14 03:00:00,TP02,17
Noroxycodone,0.04,91.18,(6) Sat,0.0,1.51,(09) September,0,24.86,2018-09-15 03:00:00,TP02,17
Noroxycodone,5.6,117.78,(7) Sun,0.1,2.08,(09) September,2,34.12,2018-09-16 03:00:00,TP02,17
Codeine,2.47,88.32,(1) Mon,0.04,1.61,(09) September,0,26.38,2018-09-10 03:00:00,TP02,17
Codeine,0.75,87.0,(2) Tue,0.01,1.6,(09) September,0,26.31,2018-09-11 03:00:00,TP02,17
Codeine,13.38,135.56,(3) Wed,0.24,2.47,(09) September,0,40.55,2018-09-12 03:00:00,TP02,17
Codeine,40.53,73.29,(4) Thu,0.76,1.37,(09) September,0,22.54,2018-09-13 03:00:00,TP02,17
Codeine,3.58,112.54,(5) Fri,0.06,1.93,(09) September,0,31.74,2018-09-14 03:00:00,TP02,17
Codeine,9.84,173.18,(6) Sat,0.16,2.88,(09) September,0,47.22,2018-09-15 03:00:00,TP02,17
Codeine,7.64,104.47,(7) Sun,0.13,1.84,(09) September,2,30.26,2018-09-16 03:00:00,TP02,17
Fentanyl,0.02,4.09,(1) Mon,0.0,0.07,(09) September,0,1.22,2018-09-10 03:00:00,TP02,17
Fentanyl,0.1,3.89,(2) Tue,0.0,0.07,(09) September,0,1.18,2018-09-11 03:00:00,TP02,17
Fentanyl,0.61,3.47,(3) Wed,0.01,0.06,(09) September,0,1.04,2018-09-12 03:00:00,TP02,17
Fentanyl,1.37,3.72,(4) Thu,0.03,0.07,(09) September,0,1.14,2018-09-13 03:00:00,TP02,17
Fentanyl,0.3,4.29,(5) Fri,0.01,0.07,(09) September,0,1.21,2018-09-14 03:00:00,TP02,17
Fentanyl,0.07,3.72,(6) Sat,0.0,0.06,(09) September,0,1.02,2018-09-15 03:00:00,TP02,17
Fentanyl,0.03,3.81,(7) Sun,0.0,0.07,(09) September,0,1.1,2018-09-16 03:00:00,TP02,17
Norfentanyl,0.07,3.77,(1) Mon,0.0,0.07,(09) September,0,1.13,2018-09-10 03:00:00,TP02,17
Norfentanyl,0.09,3.05,(2) Tue,0.0,0.06,(09) September,0,0.92,2018-09-11 03:00:00,TP02,17
Norfentanyl,0.07,15.21,(3) Wed,0.0,0.28,(09) September,0,4.55,2018-09-12 03:00:00,TP02,17
Norfentanyl,3.92,14.79,(4) Thu,0.07,0.28,(09) September,0,4.55,2018-09-13 03:00:00,TP02,17
Norfentanyl,2.49,14.47,(5) Fri,0.04,0.25,(09) September,0,4.08,2018-09-14 03:00:00,TP02,17
Norfentanyl,0.9,9.39,(6) Sat,0.02,0.16,(09) September,0,2.56,2018-09-15 03:00:00,TP02,17
Norfentanyl,1.62,7.6,(7) Sun,0.03,0.13,(09) September,0,2.2,2018-09-16 03:00:00,TP02,17
Heroin,0.65,22.15,(1) Mon,0.01,0.4,(09) September,0,6.61,2018-09-10 03:00:00,TP02,17
Heroin,-9999.99,-9999.99,(2) Tue,-9999.99,-9999.99,(09) September,-10000,-9999.99,2018-09-11 03:00:00,TP02,17
Heroin,-9999.99,-9999.99,(3) Wed,-9999.99,-9999.99,(09) September,-10000,-9999.99,2018-09-12 03:00:00,TP02,17
Heroin,-9999.99,-9999.99,(4) Thu,-9999.99,-9999.99,(09) September,-10000,-9999.99,2018-09-13 03:00:00,TP02,17
Heroin,-9999.99,-9999.99,(5) Fri,-9999.99,-9999.99,(09) September,-10000,-9999.99,2018-09-14 03:00:00,TP02,17
Heroin,-9999.99,-9999.99,(6) Sat,-9999.99,-9999.99,(09) September,-10000,-9999.99,2018-09-15 03:00:00,TP02,17
Heroin,-9999.99,-9999.99,(7) Sun,-9999.99,-9999.99,(09) September,-10000,-9999.99,2018-09-16 03:00:00,TP02,17
6-Acetylmorphine,0.1,86.71,(1) Mon,0.0,1.58,(09) September,0,25.89,2018-09-10 03:00:00,TP02,17
6-Acetylmorphine,2.75,88.32,(2) Tue,0.05,1.63,(09) September,0,26.71,2018-09-11 03:00:00,TP02,17
6-Acetylmorphine,4.54,42.4,(3) Wed,0.08,0.77,(09) September,0,12.69,2018-09-12 03:00:00,TP02,17
6-Acetylmorphine,33.54,49.79,(4) Thu,0.63,0.93,(09) September,0,15.32,2018-09-13 03:00:00,TP02,17
6-Acetylmorphine,8.04,116.63,(5) Fri,0.14,2.0,(09) September,0,32.9,2018-09-14 03:00:00,TP02,17
6-Acetylmorphine,3.84,43.54,(6) Sat,0.06,0.72,(09) September,0,11.87,2018-09-15 03:00:00,TP02,17
6-Acetylmorphine,0.84,36.71,(7) Sun,0.01,0.65,(09) September,0,10.64,2018-09-16 03:00:00,TP02,17
Oxycodone,2.57,98.28,(1) Mon,0.05,1.84,(10) October,0,30.16,2018-10-01 03:00:00,TP02,20
Oxycodone,0.16,71.38,(2) Tue,0.0,1.61,(10) October,0,26.4,2018-10-02 03:00:00,TP02,20
Oxycodone,1.21,79.07,(3) Wed,0.03,1.69,(10) October,0,27.74,2018-10-03 03:00:00,TP02,20
Oxycodone,1.47,86.0,(4) Thu,0.03,1.73,(10) October,0,28.33,2018-10-04 03:00:00,TP02,20
Oxycodone,22.77,121.67,(5) Fri,0.39,2.11,(10) October,0,34.6,2018-10-05 03:00:00,TP02,20
Oxycodone,4.97,102.79,(6) Sat,0.08,1.62,(10) October,0,26.57,2018-10-06 03:00:00,TP02,20
Oxycodone,0.68,103.91,(7) Sun,0.01,1.65,(10) October,0,27.17,2018-10-07 03:00:00,TP02,20
Noroxycodone,1.63,94.07,(1) Mon,0.03,1.76,(10) October,0,28.87,2018-10-01 03:00:00,TP02,20
Noroxycodone,6.54,100.2,(2) Tue,0.15,2.26,(10) October,0,37.06,2018-10-02 03:00:00,TP02,20
Noroxycodone,3.04,92.83,(3) Wed,0.06,1.98,(10) October,0,32.56,2018-10-03 03:00:00,TP02,20
Noroxycodone,1.32,92.36,(4) Thu,0.03,1.85,(10) October,0,30.43,2018-10-04 03:00:00,TP02,20
Noroxycodone,15.53,110.56,(5) Fri,0.27,1.91,(10) October,0,31.44,2018-10-05 03:00:00,TP02,20
Noroxycodone,0.34,103.96,(6) Sat,0.01,1.64,(10) October,0,26.88,2018-10-06 03:00:00,TP02,20
Noroxycodone,2.78,108.02,(7) Sun,0.04,1.72,(10) October,0,28.24,2018-10-07 03:00:00,TP02,20
Codeine,0.71,76.53,(1) Mon,0.01,1.43,(10) October,0,23.49,2018-10-01 03:00:00,TP02,20
Codeine,9.79,62.32,(2) Tue,0.22,1.4,(10) October,0,23.05,2018-10-02 03:00:00,TP02,20
Codeine,0.27,77.47,(3) Wed,0.01,1.65,(10) October,0,27.17,2018-10-03 03:00:00,TP02,20
Codeine,0.48,91.3,(4) Thu,0.01,1.83,(10) October,0,30.08,2018-10-04 03:00:00,TP02,20
Codeine,12.16,110.92,(5) Fri,0.21,1.92,(10) October,0,31.55,2018-10-05 03:00:00,TP02,20
Codeine,10.71,204.75,(6) Sat,0.17,3.22,(10) October,0,52.93,2018-10-06 03:00:00,TP02,20
Codeine,8.63,123.51,(7) Sun,0.14,1.97,(10) October,0,32.3,2018-10-07 03:00:00,TP02,20
Fentanyl,0.54,5.75,(1) Mon,0.01,0.11,(10) October,0,1.77,2018-10-01 03:00:00,TP02,20
Fentanyl,3.07,7.66,(2) Tue,0.07,0.17,(10) October,0,2.83,2018-10-02 03:00:00,TP02,20
Fentanyl,0.18,6.3,(3) Wed,0.0,0.13,(10) October,0,2.21,2018-10-03 03:00:00,TP02,20
Fentanyl,0.28,6.86,(4) Thu,0.01,0.14,(10) October,0,2.26,2018-10-04 03:00:00,TP02,20
Fentanyl,1.48,9.46,(5) Fri,0.03,0.16,(10) October,0,2.69,2018-10-05 03:00:00,TP02,20
Fentanyl,0.06,5.56,(6) Sat,0.0,0.09,(10) October,0,1.44,2018-10-06 03:00:00,TP02,20
Fentanyl,0.41,6.23,(7) Sun,0.01,0.1,(10) October,0,1.63,2018-10-07 03:00:00,TP02,20
Norfentanyl,2.91,12.4,(1) Mon,0.05,0.23,(10) October,0,3.81,2018-10-01 03:00:00,TP02,20
Norfentanyl,9.12,16.61,(2) Tue,0.21,0.37,(10) October,0,6.14,2018-10-02 03:00:00,TP02,20
Norfentanyl,2.77,17.96,(3) Wed,0.06,0.38,(10) October,0,6.3,2018-10-03 03:00:00,TP02,20
Norfentanyl,4.99,16.35,(4) Thu,0.1,0.33,(10) October,0,5.39,2018-10-04 03:00:00,TP02,20
Norfentanyl,3.82,32.88,(5) Fri,0.07,0.57,(10) October,0,9.35,2018-10-05 03:00:00,TP02,20
Norfentanyl,2.63,20.5,(6) Sat,0.04,0.32,(10) October,0,5.3,2018-10-06 03:00:00,TP02,20
Norfentanyl,3.43,18.97,(7) Sun,0.05,0.3,(10) October,0,4.96,2018-10-07 03:00:00,TP02,20
Heroin,-9999.99,-9999.99,(1) Mon,-9999.99,-9999.99,(10) October,-10000,-9999.99,2018-10-01 03:00:00,TP02,20
Heroin,-9999.99,-9999.99,(2) Tue,-9999.99,-9999.99,(10) October,-10000,-9999.99,2018-10-02 03:00:00,TP02,20
Heroin,-9999.99,-9999.99,(3) Wed,-9999.99,-9999.99,(10) October,-10000,-9999.99,2018-10-03 03:00:00,TP02,20
Heroin,-9999.99,-9999.99,(4) Thu,-9999.99,-9999.99,(10) October,-10000,-9999.99,2018-10-04 03:00:00,TP02,20
Heroin,-9999.99,-9999.99,(5) Fri,-9999.99,-9999.99,(10) October,-10000,-9999.99,2018-10-05 03:00:00,TP02,20
Heroin,-9999.99,-9999.99,(6) Sat,-9999.99,-9999.99,(10) October,-10000,-9999.99,2018-10-06 03:00:00,TP02,20
Heroin,-9999.99,-9999.99,(7) Sun,-9999.99,-9999.99,(10) October,-10000,-9999.99,2018-10-07 03:00:00,TP02,20
6-Acetylmorphine,0.02,56.62,(1) Mon,0.0,1.06,(10) October,0,17.38,2018-10-01 03:00:00,TP02,20
6-Acetylmorphine,0.19,64.01,(2) Tue,0.0,1.44,(10) October,0,23.67,2018-10-02 03:00:00,TP02,20
6-Acetylmorphine,0.23,82.91,(3) Wed,0.0,1.77,(10) October,0,29.08,2018-10-03 03:00:00,TP02,20
6-Acetylmorphine,5.18,72.88,(4) Thu,0.1,1.46,(10) October,0,24.01,2018-10-04 03:00:00,TP02,20
6-Acetylmorphine,16.74,115.14,(5) Fri,0.29,1.99,(10) October,0,32.75,2018-10-05 03:00:00,TP02,20
6-Acetylmorphine,2.67,90.75,(6) Sat,0.04,1.43,(10) October,0,23.46,2018-10-06 03:00:00,TP02,20
6-Acetylmorphine,5.24,107.03,(7) Sun,0.08,1.7,(10) October,0,27.99,2018-10-07 03:00:00,TP02,20
Oxycodone,2.26,104.98,(1) Mon,0.04,2.06,(11) November,1,33.89,2018-11-13 02:00:00,TP02,26
Oxycodone,0.76,104.8,(2) Tue,0.01,1.96,(11) November,0,32.17,2018-11-14 02:00:00,TP02,26
Oxycodone,1.81,123.46,(3) Wed,0.03,2.21,(11) November,1,36.3,2018-11-15 02:00:00,TP02,26
Oxycodone,0.15,111.06,(4) Thu,0.0,2.03,(11) November,0,33.33,2018-11-16 02:00:00,TP02,26
Oxycodone,6.36,124.52,(5) Fri,0.11,2.14,(11) November,2,35.14,2018-11-17 02:00:00,TP02,26
Oxycodone,3.73,116.87,(6) Sat,0.06,1.96,(11) November,1,32.18,2018-11-18 02:00:00,TP02,26
Noroxycodone,0.99,133.7,(1) Mon,0.02,2.63,(11) November,0,43.16,2018-11-13 02:00:00,TP02,26
Noroxycodone,6.66,145.32,(2) Tue,0.12,2.72,(11) November,2,44.6,2018-11-14 02:00:00,TP02,26
Noroxycodone,11.34,215.94,(3) Wed,0.2,3.87,(11) November,3,63.5,2018-11-15 02:00:00,TP02,26
Noroxycodone,2.41,120.59,(4) Thu,0.04,2.2,(11) November,1,36.2,2018-11-16 02:00:00,TP02,26
Noroxycodone,1.85,145.37,(5) Fri,0.03,2.5,(11) November,1,41.03,2018-11-17 02:00:00,TP02,26
Noroxycodone,2.68,133.52,(6) Sat,0.04,2.24,(11) November,1,36.77,2018-11-18 02:00:00,TP02,26
Codeine,0.17,127.88,(1) Mon,0.0,2.51,(11) November,0,41.28,2018-11-13 02:00:00,TP02,26
Codeine,1.88,114.7,(2) Tue,0.04,2.14,(11) November,1,35.2,2018-11-14 02:00:00,TP02,26
Codeine,4.79,306.1,(3) Wed,0.09,5.48,(11) November,1,90.01,2018-11-15 02:00:00,TP02,26
Codeine,3.69,101.64,(4) Thu,0.07,1.86,(11) November,1,30.51,2018-11-16 02:00:00,TP02,26
Codeine,11.35,131.46,(5) Fri,0.2,2.26,(11) November,3,37.1,2018-11-17 02:00:00,TP02,26
Codeine,2.67,112.42,(6) Sat,0.04,1.88,(11) November,1,30.96,2018-11-18 02:00:00,TP02,26
Fentanyl,0.22,5.09,(1) Mon,0.0,0.1,(11) November,0,1.64,2018-11-13 02:00:00,TP02,26
Fentanyl,0.03,3.18,(2) Tue,0.0,0.06,(11) November,0,0.97,2018-11-14 02:00:00,TP02,26
Fentanyl,0.25,4.26,(3) Wed,0.0,0.08,(11) November,0,1.25,2018-11-15 02:00:00,TP02,26
Fentanyl,0.0,4.13,(4) Thu,0.0,0.08,(11) November,0,1.24,2018-11-16 02:00:00,TP02,26
Fentanyl,0.45,6.21,(5) Fri,0.01,0.11,(11) November,0,1.75,2018-11-17 02:00:00,TP02,26
Fentanyl,0.3,5.38,(6) Sat,0.01,0.09,(11) November,0,1.48,2018-11-18 02:00:00,TP02,26
Norfentanyl,0.62,8.9,(1) Mon,0.01,0.18,(11) November,0,2.87,2018-11-13 02:00:00,TP02,26
Norfentanyl,0.29,6.75,(2) Tue,0.01,0.13,(11) November,0,2.07,2018-11-14 02:00:00,TP02,26
Norfentanyl,0.05,7.26,(3) Wed,0.0,0.13,(11) November,0,2.13,2018-11-15 02:00:00,TP02,26
Norfentanyl,0.62,8.23,(4) Thu,0.01,0.15,(11) November,0,2.47,2018-11-16 02:00:00,TP02,26
Norfentanyl,1.21,12.84,(5) Fri,0.02,0.22,(11) November,0,3.62,2018-11-17 02:00:00,TP02,26
Norfentanyl,0.68,10.58,(6) Sat,0.01,0.18,(11) November,0,2.91,2018-11-18 02:00:00,TP02,26
Heroin,0.73,7.65,(1) Mon,0.01,0.15,(11) November,0,2.47,2018-11-13 02:00:00,TP02,26
Heroin,1.87,39.81,(2) Tue,0.04,0.74,(11) November,1,12.22,2018-11-14 02:00:00,TP02,26
Heroin,0.0,19.69,(3) Wed,0.18,0.18,(11) November,0,5.79,2018-11-15 02:00:00,TP02,26
Heroin,0.6,26.23,(4) Thu,0.01,0.48,(11) November,0,7.87,2018-11-16 02:00:00,TP02,26
Heroin,3.6,61.1,(5) Fri,0.06,1.05,(11) November,1,17.24,2018-11-17 02:00:00,TP02,26
Heroin,1.0,18.51,(6) Sat,0.02,0.31,(11) November,0,5.1,2018-11-18 02:00:00,TP02,26
6-Acetylmorphine,1.2,55.64,(1) Mon,0.02,1.09,(11) November,0,17.96,2018-11-13 02:00:00,TP02,26
6-Acetylmorphine,0.57,59.85,(2) Tue,0.01,1.12,(11) November,0,18.37,2018-11-14 02:00:00,TP02,26
6-Acetylmorphine,0.32,69.71,(3) Wed,0.01,1.25,(11) November,0,20.5,2018-11-15 02:00:00,TP02,26
6-Acetylmorphine,2.94,54.88,(4) Thu,0.05,1.0,(11) November,1,16.47,2018-11-16 02:00:00,TP02,26
6-Acetylmorphine,0.11,101.34,(5) Fri,0.0,1.74,(11) November,0,28.6,2018-11-17 02:00:00,TP02,26
6-Acetylmorphine,0.55,69.9,(6) Sat,0.01,1.17,(11) November,0,19.25,2018-11-18 02:00:00,TP02,26
Oxycodone,0.2,152.99,(7) Sun,0.0,2.69,(11) November,0,44.12,2018-11-19 02:00:00,TP02,27
Noroxycodone,13.55,187.18,(7) Sun,0.24,3.29,(11) November,4,53.98,2018-11-19 02:00:00,TP02,27
Codeine,2.63,165.51,(7) Sun,0.05,2.91,(11) November,1,47.73,2018-11-19 02:00:00,TP02,27
Fentanyl,0.08,2.79,(7) Sun,0.0,0.05,(11) November,0,0.8,2018-11-19 02:00:00,TP02,27
Norfentanyl,0.81,11.71,(7) Sun,0.01,0.21,(11) November,0,3.38,2018-11-19 02:00:00,TP02,27
Heroin,0.11,12.61,(7) Sun,0.0,0.22,(11) November,0,3.64,2018-11-19 02:00:00,TP02,27
6-Acetylmorphine,2.3,55.6,(7) Sun,0.04,0.98,(11) November,1,16.03,2018-11-19 02:00:00,TP02,27
Oxycodone,1.58,84.68,(1) Mon,0.03,1.46,(12) December,0,23.94,2018-12-03 02:00:00,TP02,29
Oxycodone,1.77,94.89,(2) Tue,0.03,1.71,(12) December,1,28.05,2018-12-04 02:00:00,TP02,29
Oxycodone,2.33,125.04,(3) Wed,0.04,2.27,(12) December,1,37.27,2018-12-05 02:00:00,TP02,29
Oxycodone,2.01,107.99,(4) Thu,0.03,1.87,(12) December,1,30.69,2018-12-06 02:00:00,TP02,29
Oxycodone,1.84,98.65,(5) Fri,0.03,1.72,(12) December,1,28.25,2018-12-07 02:00:00,TP02,29
Oxycodone,2.26,121.64,(6) Sat,0.04,2.07,(12) December,1,34.01,2018-12-08 02:00:00,TP02,29
Oxycodone,3.02,162.05,(7) Sun,0.05,2.58,(12) December,1,42.43,2018-12-09 02:00:00,TP02,29
Noroxycodone,2.52,120.31,(1) Mon,0.04,2.07,(12) December,1,34.02,2018-12-03 02:00:00,TP02,29
Noroxycodone,2.86,136.58,(2) Tue,0.05,2.46,(12) December,1,40.37,2018-12-04 02:00:00,TP02,29
Noroxycodone,3.3,157.46,(3) Wed,0.06,2.86,(12) December,1,46.93,2018-12-05 02:00:00,TP02,29
Noroxycodone,3.0,143.12,(4) Thu,0.05,2.48,(12) December,1,40.68,2018-12-06 02:00:00,TP02,29
Noroxycodone,2.67,127.13,(5) Fri,0.05,2.22,(12) December,1,36.41,2018-12-07 02:00:00,TP02,29
Noroxycodone,3.15,150.34,(6) Sat,0.05,2.56,(12) December,1,42.03,2018-12-08 02:00:00,TP02,29
Noroxycodone,4.26,203.2,(7) Sun,0.07,3.24,(12) December,1,53.2,2018-12-09 02:00:00,TP02,29
Codeine,9.95,147.63,(1) Mon,0.17,2.54,(12) December,3,41.74,2018-12-03 02:00:00,TP02,29
Codeine,10.24,152.02,(2) Tue,0.18,2.74,(12) December,3,44.93,2018-12-04 02:00:00,TP02,29
Codeine,10.15,150.7,(3) Wed,0.18,2.73,(12) December,3,44.92,2018-12-05 02:00:00,TP02,29
Codeine,9.38,139.19,(4) Thu,0.16,2.41,(12) December,3,39.56,2018-12-06 02:00:00,TP02,29
Codeine,9.52,141.29,(5) Fri,0.17,2.46,(12) December,3,40.46,2018-12-07 02:00:00,TP02,29
Codeine,9.29,137.86,(6) Sat,0.16,2.35,(12) December,3,38.54,2018-12-08 02:00:00,TP02,29
Codeine,14.97,222.17,(7) Sun,0.24,3.54,(12) December,4,58.16,2018-12-09 02:00:00,TP02,29
Fentanyl,0.35,3.77,(1) Mon,0.01,0.06,(12) December,0,1.07,2018-12-03 02:00:00,TP02,29
Fentanyl,0.41,4.49,(2) Tue,0.01,0.08,(12) December,0,1.33,2018-12-04 02:00:00,TP02,29
Fentanyl,0.32,3.43,(3) Wed,0.01,0.06,(12) December,0,1.02,2018-12-05 02:00:00,TP02,29
Fentanyl,0.44,4.81,(4) Thu,0.01,0.08,(12) December,0,1.37,2018-12-06 02:00:00,TP02,29
Fentanyl,0.41,4.5,(5) Fri,0.01,0.08,(12) December,0,1.29,2018-12-07 02:00:00,TP02,29
Fentanyl,0.39,4.29,(6) Sat,0.01,0.07,(12) December,0,1.2,2018-12-08 02:00:00,TP02,29
Fentanyl,0.6,6.59,(7) Sun,0.01,0.11,(12) December,0,1.72,2018-12-09 02:00:00,TP02,29
Norfentanyl,1.01,7.42,(1) Mon,0.02,0.13,(12) December,0,2.1,2018-12-03 02:00:00,TP02,29
Norfentanyl,3.59,26.33,(2) Tue,0.06,0.47,(12) December,1,7.78,2018-12-04 02:00:00,TP02,29
Norfentanyl,2.44,17.89,(3) Wed,0.04,0.32,(12) December,1,5.33,2018-12-05 02:00:00,TP02,29
Norfentanyl,1.24,9.08,(4) Thu,0.02,0.16,(12) December,0,2.58,2018-12-06 02:00:00,TP02,29
Norfentanyl,1.83,13.42,(5) Fri,0.03,0.23,(12) December,1,3.84,2018-12-07 02:00:00,TP02,29
Norfentanyl,2.28,16.71,(6) Sat,0.04,0.28,(12) December,1,4.67,2018-12-08 02:00:00,TP02,29
Norfentanyl,1.74,12.72,(7) Sun,0.03,0.2,(12) December,0,3.33,2018-12-09 02:00:00,TP02,29
Heroin,0.13,28.78,(1) Mon,0.0,0.5,(12) December,0,8.14,2018-12-03 02:00:00,TP02,29
Heroin,0.19,42.07,(2) Tue,0.0,0.76,(12) December,0,12.44,2018-12-04 02:00:00,TP02,29
Heroin,0.15,33.5,(3) Wed,0.0,0.61,(12) December,0,9.99,2018-12-05 02:00:00,TP02,29
Heroin,0.11,24.61,(4) Thu,0.0,0.43,(12) December,0,6.99,2018-12-06 02:00:00,TP02,29
Heroin,0.16,35.35,(5) Fri,0.0,0.62,(12) December,0,10.12,2018-12-07 02:00:00,TP02,29
Heroin,0.22,50.15,(6) Sat,0.0,0.85,(12) December,0,14.02,2018-12-08 02:00:00,TP02,29
Heroin,0.23,53.06,(7) Sun,0.0,0.85,(12) December,0,13.89,2018-12-09 02:00:00,TP02,29
6-Acetylmorphine,0.56,61.74,(1) Mon,0.01,1.06,(12) December,0,17.46,2018-12-03 02:00:00,TP02,29
6-Acetylmorphine,0.75,82.83,(2) Tue,0.01,1.49,(12) December,0,24.48,2018-12-04 02:00:00,TP02,29
6-Acetylmorphine,0.74,81.72,(3) Wed,0.01,1.48,(12) December,0,24.36,2018-12-05 02:00:00,TP02,29
6-Acetylmorphine,0.62,68.47,(4) Thu,0.01,1.18,(12) December,0,19.46,2018-12-06 02:00:00,TP02,29
6-Acetylmorphine,0.75,83.17,(5) Fri,0.01,1.45,(12) December,0,23.82,2018-12-07 02:00:00,TP02,29
6-Acetylmorphine,0.89,98.0,(6) Sat,0.02,1.67,(12) December,0,27.4,2018-12-08 02:00:00,TP02,29
6-Acetylmorphine,1.13,124.85,(7) Sun,0.02,1.99,(12) December,0,32.69,2018-12-09 02:00:00,TP02,29
Oxycodone,0.19,67.38,(1) Mon,0.0,1.3,(01) January,0,21.28,2019-01-07 02:00:00,TP02,34
Oxycodone,0.25,87.79,(2) Tue,0.0,1.72,(01) January,0,28.24,2019-01-08 02:00:00,TP02,34
Oxycodone,0.22,75.13,(3) Wed,0.0,1.41,(01) January,0,23.18,2019-01-09 02:00:00,TP02,34
Oxycodone,0.23,78.57,(4) Thu,0.0,1.44,(01) January,0,23.61,2019-01-10 02:00:00,TP02,34
Oxycodone,0.27,95.1,(5) Fri,0.0,1.72,(01) January,0,28.28,2019-01-11 02:00:00,TP02,34
Oxycodone,0.29,99.21,(6) Sat,0.0,1.67,(01) January,0,27.42,2019-01-12 02:00:00,TP02,34
Oxycodone,0.27,92.2,(7) Sun,0.0,1.52,(01) January,0,24.95,2019-01-13 02:00:00,TP02,34
Noroxycodone,1.24,95.0,(1) Mon,0.02,1.83,(01) January,0,30.0,2019-01-07 02:00:00,TP02,34
Noroxycodone,1.45,111.28,(2) Tue,0.03,2.18,(01) January,0,35.79,2019-01-08 02:00:00,TP02,34
Noroxycodone,1.35,103.79,(3) Wed,0.03,1.95,(01) January,0,32.02,2019-01-09 02:00:00,TP02,34
Noroxycodone,1.14,87.72,(4) Thu,0.02,1.61,(01) January,0,26.37,2019-01-10 02:00:00,TP02,34
Noroxycodone,1.48,113.29,(5) Fri,0.03,2.05,(01) January,0,33.69,2019-01-11 02:00:00,TP02,34
Noroxycodone,1.53,117.62,(6) Sat,0.03,1.98,(01) January,0,32.51,2019-01-12 02:00:00,TP02,34
Noroxycodone,1.29,99.34,(7) Sun,0.02,1.64,(01) January,0,26.89,2019-01-13 02:00:00,TP02,34
Codeine,1.18,103.53,(1) Mon,0.02,1.99,(01) January,0,32.69,2019-01-07 02:00:00,TP02,34
Codeine,1.3,114.15,(2) Tue,0.03,2.24,(01) January,0,36.71,2019-01-08 02:00:00,TP02,34
Codeine,1.34,117.61,(3) Wed,0.03,2.21,(01) January,0,36.28,2019-01-09 02:00:00,TP02,34
Codeine,1.37,120.47,(4) Thu,0.03,2.2,(01) January,0,36.21,2019-01-10 02:00:00,TP02,34
Codeine,1.7,149.37,(5) Fri,0.03,2.7,(01) January,0,44.42,2019-01-11 02:00:00,TP02,34
Codeine,1.41,124.34,(6) Sat,0.02,2.09,(01) January,0,34.37,2019-01-12 02:00:00,TP02,34
Codeine,1.41,124.09,(7) Sun,0.02,2.04,(01) January,0,33.59,2019-01-13 02:00:00,TP02,34
Fentanyl,0.09,10.81,(1) Mon,0.0,0.21,(01) January,0,3.41,2019-01-07 02:00:00,TP02,34
Fentanyl,0.09,11.05,(2) Tue,0.0,0.22,(01) January,0,3.56,2019-01-08 02:00:00,TP02,34
Fentanyl,0.09,10.38,(3) Wed,0.0,0.19,(01) January,0,3.2,2019-01-09 02:00:00,TP02,34
Fentanyl,0.11,13.32,(4) Thu,0.0,0.24,(01) January,0,4.0,2019-01-10 02:00:00,TP02,34
Fentanyl,0.1,12.01,(5) Fri,0.0,0.22,(01) January,0,3.57,2019-01-11 02:00:00,TP02,34
Fentanyl,0.1,12.14,(6) Sat,0.0,0.2,(01) January,0,3.36,2019-01-12 02:00:00,TP02,34
Fentanyl,0.09,10.77,(7) Sun,0.0,0.18,(01) January,0,2.91,2019-01-13 02:00:00,TP02,34
Norfentanyl,2.73,35.21,(1) Mon,0.05,0.68,(01) January,1,11.12,2019-01-07 02:00:00,TP02,34
Norfentanyl,2.74,35.35,(2) Tue,0.05,0.69,(01) January,1,11.37,2019-01-08 02:00:00,TP02,34
Norfentanyl,2.26,29.2,(3) Wed,0.04,0.55,(01) January,1,9.01,2019-01-09 02:00:00,TP02,34
Norfentanyl,1.84,23.73,(4) Thu,0.03,0.43,(01) January,1,7.13,2019-01-10 02:00:00,TP02,34
Norfentanyl,2.62,33.77,(5) Fri,0.05,0.61,(01) January,1,10.04,2019-01-11 02:00:00,TP02,34
Norfentanyl,2.67,34.47,(6) Sat,0.04,0.58,(01) January,1,9.53,2019-01-12 02:00:00,TP02,34
Norfentanyl,1.93,24.88,(7) Sun,0.03,0.41,(01) January,1,6.73,2019-01-13 02:00:00,TP02,34
Heroin,0.22,52.67,(1) Mon,0.0,1.01,(01) January,0,16.63,2019-01-07 02:00:00,TP02,34
Heroin,0.22,53.32,(2) Tue,0.0,1.04,(01) January,0,17.15,2019-01-08 02:00:00,TP02,34
Heroin,0.18,44.66,(3) Wed,0.0,0.84,(01) January,0,13.78,2019-01-09 02:00:00,TP02,34
Heroin,0.16,39.88,(4) Thu,0.0,0.73,(01) January,0,11.99,2019-01-10 02:00:00,TP02,34
Heroin,0.15,37.13,(5) Fri,0.0,0.67,(01) January,0,11.04,2019-01-11 02:00:00,TP02,34
Heroin,0.17,41.95,(6) Sat,0.0,0.71,(01) January,0,11.59,2019-01-12 02:00:00,TP02,34
Heroin,0.26,62.56,(7) Sun,0.0,1.03,(01) January,0,16.93,2019-01-13 02:00:00,TP02,34
6-Acetylmorphine,7.05,79.6,(1) Mon,0.14,1.53,(01) January,2,25.14,2019-01-07 02:00:00,TP02,34
6-Acetylmorphine,5.5,62.11,(2) Tue,0.11,1.22,(01) January,2,19.98,2019-01-08 02:00:00,TP02,34
6-Acetylmorphine,6.51,73.51,(3) Wed,0.12,1.38,(01) January,2,22.68,2019-01-09 02:00:00,TP02,34
6-Acetylmorphine,4.56,51.42,(4) Thu,0.08,0.94,(01) January,1,15.45,2019-01-10 02:00:00,TP02,34
6-Acetylmorphine,6.0,67.74,(5) Fri,0.11,1.23,(01) January,2,20.14,2019-01-11 02:00:00,TP02,34
6-Acetylmorphine,6.21,70.04,(6) Sat,0.1,1.18,(01) January,2,19.36,2019-01-12 02:00:00,TP02,34
6-Acetylmorphine,9.28,104.72,(7) Sun,0.15,1.73,(01) January,3,28.34,2019-01-13 02:00:00,TP02,34
Oxycodone,0.0,0.13,(2) Tue,0.02,2.23,(02) Feb,0,36.58,2019-02-19 02:00:00,TP02,40
Oxycodone,0.0,0.11,(3) Wed,0.05,1.95,(02) Feb,1,32.08,2019-02-20 02:00:00,TP02,40
Oxycodone,0.01,0.12,(4) Thu,0.12,2.21,(02) Feb,2,36.22,2019-02-21 02:00:00,TP02,40
Oxycodone,0.01,0.18,(5) Fri,0.19,3.4,(02) Feb,3,55.8,2019-02-22 02:00:00,TP02,40
Oxycodone,0.0,0.14,(6) Sat,0.03,2.29,(02) Feb,0,37.56,2019-02-23 02:00:00,TP02,40
Oxycodone,0.01,0.14,(7) Sun,0.16,2.16,(02) Feb,3,35.44,2019-02-24 02:00:00,TP02,40
Noroxycodone,0.0,0.16,(2) Tue,0.01,2.76,(02) Feb,0,45.37,2019-02-19 02:00:00,TP02,40
Noroxycodone,0.0,0.16,(3) Wed,0.02,2.82,(02) Feb,0,46.25,2019-02-20 02:00:00,TP02,40
Noroxycodone,0.0,0.16,(4) Thu,0.09,2.96,(02) Feb,1,48.69,2019-02-21 02:00:00,TP02,40
Noroxycodone,0.01,0.2,(5) Fri,0.25,3.85,(02) Feb,4,63.15,2019-02-22 02:00:00,TP02,40
Noroxycodone,0.0,0.18,(6) Sat,0.02,2.79,(02) Feb,0,45.88,2019-02-23 02:00:00,TP02,40
Noroxycodone,0.0,0.16,(7) Sun,0.06,2.49,(02) Feb,1,40.87,2019-02-24 02:00:00,TP02,40
Codeine,0.02,0.18,(2) Tue,0.3,3.16,(02) Feb,5,51.87,2019-02-19 02:00:00,TP02,40
Codeine,0.02,0.19,(3) Wed,0.3,3.45,(02) Feb,5,56.69,2019-02-20 02:00:00,TP02,40
Codeine,0.01,0.17,(4) Thu,0.1,3.05,(02) Feb,2,50.14,2019-02-21 02:00:00,TP02,40
Codeine,0.01,0.25,(5) Fri,0.19,4.81,(02) Feb,3,79.04,2019-02-22 02:00:00,TP02,40
Codeine,0.01,0.2,(6) Sat,0.21,3.25,(02) Feb,4,53.35,2019-02-23 02:00:00,TP02,40
Codeine,0.01,0.15,(7) Sun,0.18,2.47,(02) Feb,3,40.62,2019-02-24 02:00:00,TP02,40
Fentanyl,0.0,0.01,(2) Tue,0.0,0.13,(02) Feb,0,2.12,2019-02-19 02:00:00,TP02,40
Fentanyl,0.0,0.01,(3) Wed,0.01,0.12,(02) Feb,0,2.01,2019-02-20 02:00:00,TP02,40
Fentanyl,0.0,0.01,(4) Thu,0.0,0.12,(02) Feb,0,2.01,2019-02-21 02:00:00,TP02,40
Fentanyl,0.0,0.01,(5) Fri,0.01,0.16,(02) Feb,0,2.55,2019-02-22 02:00:00,TP02,40
Fentanyl,0.0,0.01,(6) Sat,0.0,0.12,(02) Feb,0,2.02,2019-02-23 02:00:00,TP02,40
Fentanyl,0.0,0.01,(7) Sun,0.0,0.1,(02) Feb,0,1.62,2019-02-24 02:00:00,TP02,40
Norfentanyl,0.0,0.05,(2) Tue,0.05,0.83,(02) Feb,1,13.65,2019-02-19 02:00:00,TP02,40
Norfentanyl,0.0,0.05,(3) Wed,0.02,0.98,(02) Feb,0,16.06,2019-02-20 02:00:00,TP02,40
Norfentanyl,0.0,0.05,(4) Thu,0.04,0.93,(02) Feb,1,15.22,2019-02-21 02:00:00,TP02,40
Norfentanyl,0.01,0.07,(5) Fri,0.13,1.26,(02) Feb,2,20.7,2019-02-22 02:00:00,TP02,40
Norfentanyl,0.0,0.06,(6) Sat,0.07,0.89,(02) Feb,1,14.62,2019-02-23 02:00:00,TP02,40
Norfentanyl,0.01,0.05,(7) Sun,0.09,0.85,(02) Feb,1,13.96,2019-02-24 02:00:00,TP02,40
Heroin,0.0,0.04,(2) Tue,0.05,0.77,(02) Feb,1,12.63,2019-02-19 02:00:00,TP02,40
Heroin,0.0,0.02,(3) Wed,0.0,0.37,(02) Feb,0,6.16,2019-02-20 02:00:00,TP02,40
Heroin,0.0,0.02,(4) Thu,0.03,0.43,(02) Feb,1,7.03,2019-02-21 02:00:00,TP02,40
Heroin,0.01,0.05,(5) Fri,0.12,0.88,(02) Feb,2,14.51,2019-02-22 02:00:00,TP02,40
Heroin,0.0,0.03,(6) Sat,0.01,0.42,(02) Feb,0,6.84,2019-02-23 02:00:00,TP02,40
Heroin,0.0,0.03,(7) Sun,0.01,0.47,(02) Feb,0,7.8,2019-02-24 02:00:00,TP02,40
6-Acetylmorphine,0.0,0.06,(2) Tue,0.03,1.07,(02) Feb,0,17.62,2019-02-19 02:00:00,TP02,40
6-Acetylmorphine,0.0,0.04,(3) Wed,0.03,0.72,(02) Feb,0,11.89,2019-02-20 02:00:00,TP02,40
6-Acetylmorphine,0.0,0.04,(4) Thu,0.07,0.8,(02) Feb,1,13.11,2019-02-21 02:00:00,TP02,40
6-Acetylmorphine,0.01,0.08,(5) Fri,0.2,1.58,(02) Feb,3,25.97,2019-02-22 02:00:00,TP02,40
6-Acetylmorphine,0.0,0.07,(6) Sat,0.02,1.09,(02) Feb,0,17.86,2019-02-23 02:00:00,TP02,40
6-Acetylmorphine,0.0,0.06,(7) Sun,0.03,1.01,(02) Feb,0,16.52,2019-02-24 02:00:00,TP02,40
Oxycodone,0.0,0.11,(1) Mon,0.03,1.87,(02) Feb,1,30.74,2019-02-25 02:00:00,TP02,41
Noroxycodone,0.01,0.13,(1) Mon,0.13,2.29,(02) Feb,2,37.67,2019-02-25 02:00:00,TP02,41
Codeine,0.0,0.15,(1) Mon,0.04,2.7,(02) Feb,1,44.39,2019-02-25 02:00:00,TP02,41
Fentanyl,0.0,0.01,(1) Mon,0.01,0.1,(02) Feb,0,1.68,2019-02-25 02:00:00,TP02,41
Norfentanyl,0.0,0.04,(1) Mon,0.03,0.68,(02) Feb,1,11.15,2019-02-25 02:00:00,TP02,41
Heroin,0.0,0.02,(1) Mon,0.02,0.33,(02) Feb,0,5.36,2019-02-25 02:00:00,TP02,41
6-Acetylmorphine,0.0,0.03,(1) Mon,0.01,0.62,(02) Feb,0,10.13,2019-02-25 02:00:00,TP02,41
Oxycodone,4.02,173.89,(1) Mon,0.07,3.13,(03) Mar,1,51.47,2019-03-11 03:00:00,TP02,43
Oxycodone,0.27,133.6,(2) Tues,0.0,2.45,(03) Mar,0,40.28,2019-03-12 03:00:00,TP02,43
Oxycodone,6.67,170.32,(3) Wed,0.12,3.12,(03) Mar,2,51.27,2019-03-13 03:00:00,TP02,43
Oxycodone,6.94,157.5,(4) Thu,0.13,2.97,(03) Mar,2,48.81,2019-03-14 03:00:00,TP02,43
Oxycodone,13.14,232.05,(5) Fri,0.25,4.47,(03) Mar,4,73.36,2019-03-15 03:00:00,TP02,43
Oxycodone,20.84,199.85,(6) Sat,0.37,3.51,(03) Mar,6,57.57,2019-03-16 03:00:00,TP02,43
Oxycodone,1.73,140.52,(7) Sun,0.03,2.45,(03) Mar,0,40.21,2019-03-17 03:00:00,TP02,43
Noroxycodone,1.48,178.95,(1) Mon,0.03,3.23,(03) Mar,0,52.97,2019-03-11 03:00:00,TP02,43
Noroxycodone,4.94,130.78,(2) Tues,0.09,2.4,(03) Mar,1,39.43,2019-03-12 03:00:00,TP02,43
Noroxycodone,7.97,167.3,(3) Wed,0.15,3.07,(03) Mar,2,50.37,2019-03-13 03:00:00,TP02,43
Noroxycodone,0.43,163.27,(4) Thu,0.01,3.08,(03) Mar,0,50.6,2019-03-14 03:00:00,TP02,43
Noroxycodone,7.59,242.8,(5) Fri,0.15,4.67,(03) Mar,2,76.76,2019-03-15 03:00:00,TP02,43
Noroxycodone,6.54,196.3,(6) Sat,0.11,3.44,(03) Mar,2,56.54,2019-03-16 03:00:00,TP02,43
Noroxycodone,2.9,140.45,(7) Sun,0.05,2.45,(03) Mar,1,40.19,2019-03-17 03:00:00,TP02,43
Codeine,11.75,195.21,(1) Mon,0.21,3.52,(03) Mar,3,57.78,2019-03-11 03:00:00,TP02,43
Codeine,3.95,152.15,(2) Tues,0.07,2.79,(03) Mar,1,45.88,2019-03-12 03:00:00,TP02,43
Codeine,12.28,172.97,(3) Wed,0.23,3.17,(03) Mar,4,52.07,2019-03-13 03:00:00,TP02,43
Codeine,4.93,142.33,(4) Thu,0.09,2.69,(03) Mar,2,44.11,2019-03-14 03:00:00,TP02,43
Codeine,14.55,202.63,(5) Fri,0.28,3.9,(03) Mar,5,64.06,2019-03-15 03:00:00,TP02,43
Codeine,8.64,154.52,(6) Sat,0.15,2.71,(03) Mar,2,44.51,2019-03-16 03:00:00,TP02,43
Codeine,0.72,99.42,(7) Sun,0.01,1.73,(03) Mar,0,28.45,2019-03-17 03:00:00,TP02,43
Fentanyl,0.42,3.07,(1) Mon,0.01,0.06,(03) Mar,0,0.91,2019-03-11 03:00:00,TP02,43
Fentanyl,0.09,6.29,(2) Tues,0.0,0.12,(03) Mar,0,1.9,2019-03-12 03:00:00,TP02,43
Fentanyl,0.21,6.2,(3) Wed,0.0,0.11,(03) Mar,0,1.87,2019-03-13 03:00:00,TP02,43
Fentanyl,0.96,8.98,(4) Thu,0.02,0.17,(03) Mar,0,2.78,2019-03-14 03:00:00,TP02,43
Fentanyl,0.35,33.22,(5) Fri,0.01,0.64,(03) Mar,0,10.5,2019-03-15 03:00:00,TP02,43
Fentanyl,0.43,7.03,(6) Sat,0.01,0.12,(03) Mar,0,2.03,2019-03-16 03:00:00,TP02,43
Fentanyl,0.06,5.94,(7) Sun,0.0,0.1,(03) Mar,0,1.7,2019-03-17 03:00:00,TP02,43
Norfentanyl,3.21,39.8,(1) Mon,0.06,0.72,(03) Mar,1,11.78,2019-03-11 03:00:00,TP02,43
Norfentanyl,2.66,53.03,(2) Tues,0.05,0.97,(03) Mar,1,15.99,2019-03-12 03:00:00,TP02,43
Norfentanyl,4.42,52.3,(3) Wed,0.08,0.96,(03) Mar,1,15.74,2019-03-13 03:00:00,TP02,43
Norfentanyl,12.76,54.73,(4) Thu,0.24,1.03,(03) Mar,4,16.96,2019-03-14 03:00:00,TP02,43
Norfentanyl,11.05,128.82,(5) Fri,0.21,2.48,(03) Mar,3,40.73,2019-03-15 03:00:00,TP02,43
Norfentanyl,1.86,50.14,(6) Sat,0.03,0.88,(03) Mar,1,14.44,2019-03-16 03:00:00,TP02,43
Norfentanyl,1.99,43.8,(7) Sun,0.03,0.76,(03) Mar,1,12.53,2019-03-17 03:00:00,TP02,43
Heroin,2.81,34.67,(1) Mon,0.05,0.62,(03) Mar,1,10.26,2019-03-11 03:00:00,TP02,43
Heroin,0.89,31.8,(2) Tues,0.02,0.58,(03) Mar,0,9.59,2019-03-12 03:00:00,TP02,43
Heroin,2.6,17.2,(3) Wed,0.05,0.32,(03) Mar,1,5.18,2019-03-13 03:00:00,TP02,43
Heroin,1.17,20.64,(4) Thu,0.02,0.39,(03) Mar,0,6.4,2019-03-14 03:00:00,TP02,43
Heroin,0.63,14.32,(5) Fri,0.01,0.28,(03) Mar,0,4.53,2019-03-15 03:00:00,TP02,43
Heroin,1.75,24.78,(6) Sat,0.03,0.43,(03) Mar,0,7.14,2019-03-16 03:00:00,TP02,43
Heroin,1.41,14.42,(7) Sun,0.02,0.25,(03) Mar,0,4.13,2019-03-17 03:00:00,TP02,43
6-Acetylmorphine,0.23,65.77,(1) Mon,0.0,1.19,(03) Mar,0,19.47,2019-03-11 03:00:00,TP02,43
6-Acetylmorphine,1.83,68.82,(2) Tues,0.03,1.26,(03) Mar,1,20.75,2019-03-12 03:00:00,TP02,43
6-Acetylmorphine,1.21,54.88,(3) Wed,0.02,1.01,(03) Mar,0,16.52,2019-03-13 03:00:00,TP02,43
6-Acetylmorphine,2.48,49.26,(4) Thu,0.05,0.93,(03) Mar,1,15.27,2019-03-14 03:00:00,TP02,43
6-Acetylmorphine,3.19,34.22,(5) Fri,0.06,0.66,(03) Mar,1,10.82,2019-03-15 03:00:00,TP02,43
6-Acetylmorphine,1.25,65.11,(6) Sat,0.02,1.14,(03) Mar,0,18.75,2019-03-16 03:00:00,TP02,43
6-Acetylmorphine,4.64,40.61,(7) Sun,0.08,0.71,(03) Mar,1,11.62,2019-03-17 03:00:00,TP02,43
Oxycodone,4.71,74.69,(1) Mon,0.08,1.25,(04) Apr,1,20.59,2019-04-22 03:00:00,TP02,49
Oxycodone,2.73,88.43,(2) Tue,0.05,1.5,(04) Apr,1,24.69,2019-04-23 03:00:00,TP02,49
Oxycodone,4.65,105.29,(3) Wed,0.08,1.76,(04) Apr,1,28.91,2019-04-24 03:00:00,TP02,49
Oxycodone,1.07,81.99,(4) Thu,0.02,1.42,(04) Apr,0,23.25,2019-04-25 03:00:00,TP02,49
Oxycodone,0.54,98.03,(5) Fri,0.01,1.7,(04) Apr,0,27.97,2019-04-26 03:00:00,TP02,49
Oxycodone,0.24,88.27,(6) Sat,0.0,1.47,(04) Apr,0,24.13,2019-04-27 03:00:00,TP02,49
Oxycodone,6.47,79.63,(7) Sun,0.11,1.34,(04) Apr,2,21.99,2019-04-28 03:00:00,TP02,49
Noroxycodone,5.27,96.34,(1) Mon,0.09,1.62,(04) Apr,1,26.55,2019-04-22 03:00:00,TP02,49
Noroxycodone,1.68,140.49,(2) Tue,0.03,2.39,(04) Apr,0,39.23,2019-04-23 03:00:00,TP02,49
Noroxycodone,0.03,115.81,(3) Wed,0.0,1.94,(04) Apr,0,31.79,2019-04-24 03:00:00,TP02,49
Noroxycodone,9.25,102.04,(4) Thu,0.16,1.76,(04) Apr,3,28.93,2019-04-25 03:00:00,TP02,49
Noroxycodone,0.94,120.69,(5) Fri,0.02,2.1,(04) Apr,0,34.43,2019-04-26 03:00:00,TP02,49
Noroxycodone,0.37,120.9,(6) Sat,0.01,2.01,(04) Apr,0,33.05,2019-04-27 03:00:00,TP02,49
Noroxycodone,4.15,103.96,(7) Sun,0.07,1.75,(04) Apr,1,28.71,2019-04-28 03:00:00,TP02,49
Codeine,1.01,110.32,(1) Mon,0.02,1.85,(04) Apr,0,30.41,2019-04-22 03:00:00,TP02,49
Codeine,3.73,156.05,(2) Tue,0.06,2.65,(04) Apr,1,43.57,2019-04-23 03:00:00,TP02,49
Codeine,8.51,167.58,(3) Wed,0.14,2.8,(04) Apr,2,46.01,2019-04-24 03:00:00,TP02,49
Codeine,0.42,102.05,(4) Thu,0.01,1.76,(04) Apr,0,28.94,2019-04-25 03:00:00,TP02,49
Codeine,6.74,141.81,(5) Fri,0.12,2.46,(04) Apr,2,40.46,2019-04-26 03:00:00,TP02,49
Codeine,14.51,161.57,(6) Sat,0.24,2.69,(04) Apr,4,44.17,2019-04-27 03:00:00,TP02,49
Codeine,12.11,170.62,(7) Sun,0.2,2.87,(04) Apr,3,47.12,2019-04-28 03:00:00,TP02,49
Fentanyl,0.11,5.01,(1) Mon,0.0,0.08,(04) Apr,0,1.38,2019-04-22 03:00:00,TP02,49
Fentanyl,0.17,2.77,(2) Tue,0.0,0.05,(04) Apr,0,0.77,2019-04-23 03:00:00,TP02,49
Fentanyl,0.2,4.3,(3) Wed,0.0,0.07,(04) Apr,0,1.18,2019-04-24 03:00:00,TP02,49
Fentanyl,0.56,4.1,(4) Thu,0.01,0.07,(04) Apr,0,1.16,2019-04-25 03:00:00,TP02,49
Fentanyl,0.36,7.28,(5) Fri,0.01,0.13,(04) Apr,0,2.08,2019-04-26 03:00:00,TP02,49
Fentanyl,0.16,5.93,(6) Sat,0.0,0.1,(04) Apr,0,1.62,2019-04-27 03:00:00,TP02,49
Fentanyl,0.35,5.14,(7) Sun,0.01,0.09,(04) Apr,0,1.42,2019-04-28 03:00:00,TP02,49
Norfentanyl,0.54,23.19,(1) Mon,0.01,0.39,(04) Apr,0,6.39,2019-04-22 03:00:00,TP02,49
Norfentanyl,0.07,20.47,(2) Tue,0.0,0.35,(04) Apr,0,5.71,2019-04-23 03:00:00,TP02,49
Norfentanyl,0.16,29.95,(3) Wed,0.0,0.5,(04) Apr,0,8.22,2019-04-24 03:00:00,TP02,49
Norfentanyl,2.77,22.51,(4) Thu,0.05,0.39,(04) Apr,1,6.38,2019-04-25 03:00:00,TP02,49
Norfentanyl,5.72,35.66,(5) Fri,0.1,0.62,(04) Apr,2,10.17,2019-04-26 03:00:00,TP02,49
Norfentanyl,3.83,39.15,(6) Sat,0.06,0.65,(04) Apr,1,10.7,2019-04-27 03:00:00,TP02,49
Norfentanyl,0.15,39.86,(7) Sun,0.0,0.67,(04) Apr,0,11.01,2019-04-28 03:00:00,TP02,49
Heroin,0.05,15.37,(1) Mon,0.0,0.26,(04) Apr,0,4.24,2019-04-22 03:00:00,TP02,49
Heroin,1.16,19.82,(2) Tue,0.02,0.34,(04) Apr,0,5.53,2019-04-23 03:00:00,TP02,49
Heroin,0.86,18.97,(3) Wed,0.01,0.32,(04) Apr,0,5.21,2019-04-24 03:00:00,TP02,49
Heroin,2.19,14.11,(4) Thu,0.04,0.24,(04) Apr,1,4.0,2019-04-25 03:00:00,TP02,49
Heroin,3.78,119.94,(5) Fri,0.07,2.08,(04) Apr,1,34.22,2019-04-26 03:00:00,TP02,49
Heroin,0.4,15.03,(6) Sat,0.01,0.25,(04) Apr,0,4.11,2019-04-27 03:00:00,TP02,49
Heroin,-9999.99,-9999.99,(7) Sun,-9999.99,-9999.99,(04) Apr,-10000,-9999.99,2019-04-28 03:00:00,TP02,49
6-Acetylmorphine,3.07,51.37,(1) Mon,0.05,0.86,(04) Apr,1,14.16,2019-04-22 03:00:00,TP02,49
6-Acetylmorphine,0.98,64.71,(2) Tue,0.02,1.1,(04) Apr,0,18.07,2019-04-23 03:00:00,TP02,49
6-Acetylmorphine,4.44,71.31,(3) Wed,0.07,1.19,(04) Apr,1,19.58,2019-04-24 03:00:00,TP02,49
6-Acetylmorphine,0.93,40.02,(4) Thu,0.02,0.69,(04) Apr,0,11.35,2019-04-25 03:00:00,TP02,49
6-Acetylmorphine,9.51,244.24,(5) Fri,0.17,4.24,(04) Apr,3,69.68,2019-04-26 03:00:00,TP02,49
6-Acetylmorphine,2.03,63.36,(6) Sat,0.03,1.05,(04) Apr,1,17.32,2019-04-27 03:00:00,TP02,49
6-Acetylmorphine,1.0,17.42,(7) Sun,0.02,0.29,(04) Apr,0,4.81,2019-04-28 03:00:00,TP02,49
Oxycodone,9.07,143.57,(1) Mon,0.14,2.21,(05) May,2,36.36,2019-05-13 03:00:00,TP02,52
Oxycodone,4.0,123.97,(2) Tue,0.06,1.85,(05) May,1,30.46,2019-05-14 03:00:00,TP02,52
Oxycodone,3.91,113.51,(3) Wed,0.06,1.73,(05) May,1,28.4,2019-05-15 03:00:00,TP02,52
Oxycodone,2.74,107.52,(4) Thu,0.04,1.6,(05) May,1,26.23,2019-05-16 03:00:00,TP02,52
Oxycodone,6.49,118.81,(5) Fri,0.09,1.73,(05) May,2,28.4,2019-05-17 03:00:00,TP02,52
Oxycodone,0.84,113.26,(6) Sat,0.01,1.58,(05) May,0,25.94,2019-05-18 03:00:00,TP02,52
Oxycodone,7.79,127.44,(7) Sun,0.11,1.75,(05) May,2,28.73,2019-05-19 03:00:00,TP02,52
Noroxycodone,5.36,96.53,(1) Mon,0.08,1.49,(05) May,1,24.44,2019-05-13 03:00:00,TP02,52
Noroxycodone,1.71,141.44,(2) Tue,0.03,2.12,(05) May,0,34.75,2019-05-14 03:00:00,TP02,52
Noroxycodone,0.03,116.33,(3) Wed,0.0,1.77,(05) May,0,29.11,2019-05-15 03:00:00,TP02,52
Noroxycodone,9.41,102.32,(4) Thu,0.14,1.52,(05) May,2,24.96,2019-05-16 03:00:00,TP02,52
Noroxycodone,0.95,121.3,(5) Fri,0.01,1.77,(05) May,0,29.0,2019-05-17 03:00:00,TP02,52
Noroxycodone,0.38,121.51,(6) Sat,0.01,1.69,(05) May,0,27.83,2019-05-18 03:00:00,TP02,52
Noroxycodone,4.22,104.28,(7) Sun,0.06,1.43,(05) May,1,23.51,2019-05-19 03:00:00,TP02,52
Codeine,4.1,194.0,(1) Mon,0.06,2.99,(05) May,1,49.13,2019-05-13 03:00:00,TP02,52
Codeine,4.68,121.87,(2) Tue,0.07,1.82,(05) May,1,29.94,2019-05-14 03:00:00,TP02,52
Codeine,7.02,121.85,(3) Wed,0.11,1.86,(05) May,2,30.49,2019-05-15 03:00:00,TP02,52
Codeine,0.82,107.69,(4) Thu,0.01,1.6,(05) May,0,26.27,2019-05-16 03:00:00,TP02,52
Codeine,6.37,111.63,(5) Fri,0.09,1.62,(05) May,2,26.69,2019-05-17 03:00:00,TP02,52
Codeine,3.82,119.75,(6) Sat,0.05,1.67,(05) May,1,27.43,2019-05-18 03:00:00,TP02,52
Codeine,9.63,134.48,(7) Sun,0.13,1.85,(05) May,2,30.32,2019-05-19 03:00:00,TP02,52
Fentanyl,0.88,7.29,(1) Mon,0.01,0.11,(05) May,0,1.84,2019-05-13 03:00:00,TP02,52
Fentanyl,0.11,8.75,(2) Tue,0.0,0.13,(05) May,0,2.15,2019-05-14 03:00:00,TP02,52
Fentanyl,0.09,7.14,(3) Wed,0.0,0.11,(05) May,0,1.79,2019-05-15 03:00:00,TP02,52
Fentanyl,0.41,6.67,(4) Thu,0.01,0.1,(05) May,0,1.63,2019-05-16 03:00:00,TP02,52
Fentanyl,0.23,7.39,(5) Fri,0.0,0.11,(05) May,0,1.77,2019-05-17 03:00:00,TP02,52
Fentanyl,0.33,6.75,(6) Sat,0.0,0.09,(05) May,0,1.55,2019-05-18 03:00:00,TP02,52
Fentanyl,0.7,9.2,(7) Sun,0.01,0.13,(05) May,0,2.07,2019-05-19 03:00:00,TP02,52
Norfentanyl,0.12,76.55,(1) Mon,0.0,1.18,(05) May,0,19.38,2019-05-13 03:00:00,TP02,52
Norfentanyl,1.64,49.33,(2) Tue,0.02,0.74,(05) May,0,12.12,2019-05-14 03:00:00,TP02,52
Norfentanyl,0.79,59.59,(3) Wed,0.01,0.91,(05) May,0,14.91,2019-05-15 03:00:00,TP02,52
Norfentanyl,0.1,42.18,(4) Thu,0.0,0.63,(05) May,0,10.29,2019-05-16 03:00:00,TP02,52
Norfentanyl,0.3,58.27,(5) Fri,0.0,0.85,(05) May,0,13.93,2019-05-17 03:00:00,TP02,52
Norfentanyl,0.07,46.43,(6) Sat,0.0,0.65,(05) May,0,10.63,2019-05-18 03:00:00,TP02,52
Norfentanyl,3.94,50.06,(7) Sun,0.05,0.69,(05) May,1,11.29,2019-05-19 03:00:00,TP02,52
Heroin,0.01,53.11,(1) Mon,0.0,0.82,(05) May,0,13.45,2019-05-13 03:00:00,TP02,52
Heroin,6.11,18.24,(2) Tue,0.09,0.27,(05) May,2,4.48,2019-05-14 03:00:00,TP02,52
Heroin,0.68,26.6,(3) Wed,0.01,0.41,(05) May,0,6.66,2019-05-15 03:00:00,TP02,52
Heroin,1.74,16.49,(4) Thu,0.03,0.24,(05) May,0,4.02,2019-05-16 03:00:00,TP02,52
Heroin,2.74,19.96,(5) Fri,0.04,0.29,(05) May,1,4.77,2019-05-17 03:00:00,TP02,52
Heroin,2.19,16.1,(6) Sat,0.03,0.22,(05) May,0,3.69,2019-05-18 03:00:00,TP02,52
Heroin,0.41,10.25,(7) Sun,0.01,0.14,(05) May,0,2.31,2019-05-19 03:00:00,TP02,52
6-Acetylmorphine,4.3,115.53,(1) Mon,0.07,1.78,(05) May,1,29.25,2019-05-13 03:00:00,TP02,52
6-Acetylmorphine,1.29,57.43,(2) Tue,0.02,0.86,(05) May,0,14.11,2019-05-14 03:00:00,TP02,52
6-Acetylmorphine,5.66,66.46,(3) Wed,0.09,1.01,(05) May,1,16.63,2019-05-15 03:00:00,TP02,52
6-Acetylmorphine,2.59,64.53,(4) Thu,0.04,0.96,(05) May,1,15.74,2019-05-16 03:00:00,TP02,52
6-Acetylmorphine,0.32,54.75,(5) Fri,0.0,0.8,(05) May,0,13.09,2019-05-17 03:00:00,TP02,52
6-Acetylmorphine,2.81,50.97,(6) Sat,0.04,0.71,(05) May,1,11.67,2019-05-18 03:00:00,TP02,52
6-Acetylmorphine,4.81,54.08,(7) Sun,0.07,0.74,(05) May,1,12.19,2019-05-19 03:00:00,TP02,52
Oxycodone,1.76,88.73,(1) Mon,0.03,1.35,(06) Jun,0,22.17,2019-06-03 03:00:00,TP02,55
Oxycodone,8.81,141.57,(2) Tue,0.13,2.08,(06) Jun,2,34.14,2019-06-04 03:00:00,TP02,55
Oxycodone,5.29,121.41,(3) Wed,0.08,1.79,(06) Jun,1,29.34,2019-06-05 03:00:00,TP02,55
Oxycodone,4.4,97.89,(4) Thu,0.06,1.44,(06) Jun,1,23.72,2019-06-06 03:00:00,TP02,55
Oxycodone,0.9,121.38,(5) Fri,0.01,1.78,(06) Jun,0,29.17,2019-06-07 03:00:00,TP02,55
Oxycodone,4.56,105.59,(6) Sat,0.06,1.46,(06) Jun,1,24.02,2019-06-08 03:00:00,TP02,55
Oxycodone,4.9,115.68,(7) Sun,0.07,1.65,(06) Jun,1,27.03,2019-06-09 03:00:00,TP02,55
Noroxycodone,0.58,88.89,(1) Mon,0.01,1.35,(06) Jun,0,22.21,2019-06-03 03:00:00,TP02,55
Noroxycodone,5.73,128.74,(2) Tue,0.08,1.89,(06) Jun,1,31.05,2019-06-04 03:00:00,TP02,55
Noroxycodone,5.67,139.11,(3) Wed,0.08,2.05,(06) Jun,1,33.62,2019-06-05 03:00:00,TP02,55
Noroxycodone,0.91,113.01,(4) Thu,0.01,1.67,(06) Jun,0,27.38,2019-06-06 03:00:00,TP02,55
Noroxycodone,1.94,135.15,(5) Fri,0.03,1.98,(06) Jun,0,32.48,2019-06-07 03:00:00,TP02,55
Noroxycodone,3.59,114.0,(6) Sat,0.05,1.58,(06) Jun,1,25.93,2019-06-08 03:00:00,TP02,55
Noroxycodone,3.06,111.67,(7) Sun,0.04,1.59,(06) Jun,1,26.1,2019-06-09 03:00:00,TP02,55
Codeine,3.18,84.47,(1) Mon,0.05,1.29,(06) Jun,1,21.11,2019-06-03 03:00:00,TP02,55
Codeine,1.05,135.67,(2) Tue,0.02,1.99,(06) Jun,0,32.72,2019-06-04 03:00:00,TP02,55
Codeine,10.17,144.12,(3) Wed,0.15,2.12,(06) Jun,2,34.83,2019-06-05 03:00:00,TP02,55
Codeine,8.81,104.11,(4) Thu,0.13,1.54,(06) Jun,2,25.23,2019-06-06 03:00:00,TP02,55
Codeine,9.3,140.29,(5) Fri,0.14,2.05,(06) Jun,2,33.71,2019-06-07 03:00:00,TP02,55
Codeine,9.0,105.18,(6) Sat,0.12,1.46,(06) Jun,2,23.93,2019-06-08 03:00:00,TP02,55
Codeine,6.68,87.38,(7) Sun,0.09,1.24,(06) Jun,2,20.42,2019-06-09 03:00:00,TP02,55
Fentanyl,0.14,5.47,(1) Mon,0.0,0.08,(06) Jun,0,1.37,2019-06-03 03:00:00,TP02,55
Fentanyl,0.65,11.09,(2) Tue,0.01,0.16,(06) Jun,0,2.67,2019-06-04 03:00:00,TP02,55
Fentanyl,1.39,9.42,(3) Wed,0.02,0.14,(06) Jun,0,2.28,2019-06-05 03:00:00,TP02,55
Fentanyl,0.51,7.45,(4) Thu,0.01,0.11,(06) Jun,0,1.8,2019-06-06 03:00:00,TP02,55
Fentanyl,0.23,9.26,(5) Fri,0.0,0.14,(06) Jun,0,2.22,2019-06-07 03:00:00,TP02,55
Fentanyl,0.79,6.56,(6) Sat,0.01,0.09,(06) Jun,0,1.49,2019-06-08 03:00:00,TP02,55
Fentanyl,0.38,7.08,(7) Sun,0.01,0.1,(06) Jun,0,1.65,2019-06-09 03:00:00,TP02,55
Norfentanyl,0.76,20.86,(1) Mon,0.01,0.32,(06) Jun,0,5.21,2019-06-03 03:00:00,TP02,55
Norfentanyl,3.07,39.19,(2) Tue,0.05,0.58,(06) Jun,1,9.45,2019-06-04 03:00:00,TP02,55
Norfentanyl,4.34,48.7,(3) Wed,0.06,0.72,(06) Jun,1,11.77,2019-06-05 03:00:00,TP02,55
Norfentanyl,2.13,37.81,(4) Thu,0.03,0.56,(06) Jun,1,9.16,2019-06-06 03:00:00,TP02,55
Norfentanyl,0.28,44.42,(5) Fri,0.0,0.65,(06) Jun,0,10.68,2019-06-07 03:00:00,TP02,55
Norfentanyl,1.04,40.56,(6) Sat,0.01,0.56,(06) Jun,0,9.23,2019-06-08 03:00:00,TP02,55
Norfentanyl,0.55,28.07,(7) Sun,0.01,0.4,(06) Jun,0,6.56,2019-06-09 03:00:00,TP02,55
Heroin,5.23,68.21,(1) Mon,0.08,1.04,(06) Jun,1,17.04,2019-06-03 03:00:00,TP02,55
Heroin,3.64,37.08,(2) Tue,0.05,0.54,(06) Jun,1,8.94,2019-06-04 03:00:00,TP02,55
Heroin,1.61,25.11,(3) Wed,0.02,0.37,(06) Jun,0,6.07,2019-06-05 03:00:00,TP02,55
Heroin,0.34,26.51,(4) Thu,0.01,0.39,(06) Jun,0,6.42,2019-06-06 03:00:00,TP02,55
Heroin,2.83,46.37,(5) Fri,0.04,0.68,(06) Jun,1,11.14,2019-06-07 03:00:00,TP02,55
Heroin,2.79,29.6,(6) Sat,0.04,0.41,(06) Jun,1,6.73,2019-06-08 03:00:00,TP02,55
Heroin,0.25,15.96,(7) Sun,0.0,0.23,(06) Jun,0,3.73,2019-06-09 03:00:00,TP02,55
6-Acetylmorphine,2.13,82.46,(1) Mon,0.03,1.25,(06) Jun,1,20.61,2019-06-03 03:00:00,TP02,55
6-Acetylmorphine,1.76,124.25,(2) Tue,0.03,1.82,(06) Jun,0,29.96,2019-06-04 03:00:00,TP02,55
6-Acetylmorphine,6.05,90.36,(3) Wed,0.09,1.33,(06) Jun,1,21.84,2019-06-05 03:00:00,TP02,55
6-Acetylmorphine,1.2,51.8,(4) Thu,0.02,0.76,(06) Jun,0,12.55,2019-06-06 03:00:00,TP02,55
6-Acetylmorphine,8.59,109.35,(5) Fri,0.13,1.6,(06) Jun,2,26.28,2019-06-07 03:00:00,TP02,55
6-Acetylmorphine,2.77,75.43,(6) Sat,0.04,1.04,(06) Jun,1,17.16,2019-06-08 03:00:00,TP02,55
6-Acetylmorphine,1.5,57.62,(7) Sun,0.02,0.82,(06) Jun,0,13.47,2019-06-09 03:00:00,TP02,55
Oxycodone,0.69,75.14,(1) Mon,0.01,1.14,(07) Jul,0,18.75,2019-07-08 03:00:00,TP02,60
Oxycodone,12.69,97.02,(2) Tue,0.2,1.52,(07) Jul,3,24.96,2019-07-09 03:00:00,TP02,60
Oxycodone,7.19,96.85,(3) Wed,0.11,1.49,(07) Jul,2,24.5,2019-07-10 03:00:00,TP02,60
Oxycodone,3.45,109.3,(4) Thu,0.05,1.69,(07) Jul,1,27.74,2019-07-11 03:00:00,TP02,60
Oxycodone,3.36,118.49,(5) Fri,0.05,1.87,(07) Jul,1,30.71,2019-07-12 03:00:00,TP02,60
Oxycodone,2.6,124.39,(6) Sat,0.04,1.83,(07) Jul,1,30.07,2019-07-13 03:00:00,TP02,60
Oxycodone,9999.99,9999.99,(7) Sun,9999.99,9999.99,(07) Jul,10000,9999.99,2019-07-14 03:00:00,TP02,60
Noroxycodone,1.57,86.22,(1) Mon,0.02,1.31,(07) Jul,0,21.51,2019-07-08 03:00:00,TP02,60
Noroxycodone,2.97,112.6,(2) Tue,0.05,1.76,(07) Jul,1,28.96,2019-07-09 03:00:00,TP02,60
Noroxycodone,4.96,103.25,(3) Wed,0.08,1.59,(07) Jul,1,26.11,2019-07-10 03:00:00,TP02,60
Noroxycodone,5.78,100.79,(4) Thu,0.09,1.56,(07) Jul,1,25.58,2019-07-11 03:00:00,TP02,60
Noroxycodone,6.56,123.54,(5) Fri,0.1,1.95,(07) Jul,2,32.01,2019-07-12 03:00:00,TP02,60
Noroxycodone,0.44,128.65,(6) Sat,0.01,1.89,(07) Jul,0,31.1,2019-07-13 03:00:00,TP02,60
Noroxycodone,9999.99,9999.99,(7) Sun,9999.99,9999.99,(07) Jul,10000,9999.99,2019-07-14 03:00:00,TP02,60
Codeine,3.46,76.43,(1) Mon,0.05,1.16,(07) Jul,1,19.07,2019-07-08 03:00:00,TP02,60
Codeine,2.61,83.09,(2) Tue,0.04,1.3,(07) Jul,1,21.37,2019-07-09 03:00:00,TP02,60
Codeine,4.21,78.81,(3) Wed,0.06,1.21,(07) Jul,1,19.93,2019-07-10 03:00:00,TP02,60
Codeine,0.85,105.32,(4) Thu,0.01,1.63,(07) Jul,0,26.72,2019-07-11 03:00:00,TP02,60
Codeine,1.51,100.41,(5) Fri,0.02,1.58,(07) Jul,0,26.02,2019-07-12 03:00:00,TP02,60
Codeine,2.03,81.33,(6) Sat,0.03,1.2,(07) Jul,0,19.66,2019-07-13 03:00:00,TP02,60
Codeine,9999.99,9999.99,(7) Sun,9999.99,9999.99,(07) Jul,10000,9999.99,2019-07-14 03:00:00,TP02,60
Fentanyl,0.13,4.91,(1) Mon,0.0,0.07,(07) Jul,0,1.23,2019-07-08 03:00:00,TP02,60
Fentanyl,0.74,6.72,(2) Tue,0.01,0.11,(07) Jul,0,1.73,2019-07-09 03:00:00,TP02,60
Fentanyl,0.63,7.93,(3) Wed,0.01,0.12,(07) Jul,0,2.01,2019-07-10 03:00:00,TP02,60
Fentanyl,0.01,7.31,(4) Thu,0.0,0.11,(07) Jul,0,1.86,2019-07-11 03:00:00,TP02,60
Fentanyl,0.04,7.23,(5) Fri,0.0,0.11,(07) Jul,0,1.87,2019-07-12 03:00:00,TP02,60
Fentanyl,0.05,11.05,(6) Sat,0.0,0.16,(07) Jul,0,2.67,2019-07-13 03:00:00,TP02,60
Fentanyl,9999.99,9999.99,(7) Sun,9999.99,9999.99,(07) Jul,10000,9999.99,2019-07-14 03:00:00,TP02,60
Norfentanyl,0.03,22.13,(1) Mon,0.0,0.34,(07) Jul,0,5.52,2019-07-08 03:00:00,TP02,60
Norfentanyl,1.82,29.03,(2) Tue,0.03,0.45,(07) Jul,0,7.47,2019-07-09 03:00:00,TP02,60
Norfentanyl,0.44,28.74,(3) Wed,0.01,0.44,(07) Jul,0,7.27,2019-07-10 03:00:00,TP02,60
Norfentanyl,2.69,29.1,(4) Thu,0.04,0.45,(07) Jul,1,7.38,2019-07-11 03:00:00,TP02,60
Norfentanyl,0.7,27.39,(5) Fri,0.01,0.43,(07) Jul,0,7.1,2019-07-12 03:00:00,TP02,60
Norfentanyl,0.08,32.65,(6) Sat,0.0,0.48,(07) Jul,0,7.89,2019-07-13 03:00:00,TP02,60
Norfentanyl,9999.99,9999.99,(7) Sun,9999.99,9999.99,(07) Jul,10000,9999.99,2019-07-14 03:00:00,TP02,60
Heroin,0.28,14.36,(1) Mon,0.0,0.22,(07) Jul,0,3.58,2019-07-08 03:00:00,TP02,60
Heroin,2.18,23.23,(2) Tue,0.03,0.36,(07) Jul,1,5.98,2019-07-09 03:00:00,TP02,60
Heroin,0.87,15.46,(3) Wed,0.01,0.24,(07) Jul,0,3.91,2019-07-10 03:00:00,TP02,60
Heroin,0.61,27.33,(4) Thu,0.01,0.42,(07) Jul,0,6.93,2019-07-11 03:00:00,TP02,60
Heroin,7.9,36.14,(5) Fri,0.12,0.57,(07) Jul,2,9.37,2019-07-12 03:00:00,TP02,60
Heroin,1.14,23.25,(6) Sat,0.02,0.34,(07) Jul,0,5.62,2019-07-13 03:00:00,TP02,60
Heroin,9999.99,9999.99,(7) Sun,9999.99,9999.99,(07) Jul,10000,9999.99,2019-07-14 03:00:00,TP02,60
6-Acetylmorphine,1.36,37.37,(1) Mon,0.02,0.57,(07) Jul,0,9.32,2019-07-08 03:00:00,TP02,60
6-Acetylmorphine,2.59,50.79,(2) Tue,0.04,0.8,(07) Jul,1,13.06,2019-07-09 03:00:00,TP02,60
6-Acetylmorphine,1.65,48.4,(3) Wed,0.03,0.75,(07) Jul,0,12.24,2019-07-10 03:00:00,TP02,60
6-Acetylmorphine,3.01,54.89,(4) Thu,0.05,0.85,(07) Jul,1,13.93,2019-07-11 03:00:00,TP02,60
6-Acetylmorphine,5.77,78.58,(5) Fri,0.09,1.24,(07) Jul,2,20.36,2019-07-12 03:00:00,TP02,60
6-Acetylmorphine,1.0,48.5,(6) Sat,0.01,0.71,(07) Jul,0,11.73,2019-07-13 03:00:00,TP02,60
6-Acetylmorphine,9999.99,9999.99,(7) Sun,9999.99,9999.99,(07) Jul,10000,9999.99,2019-07-14 03:00:00,TP02,60
Oxycodone,0.35,77.38,(1) Mon,0.01,1.33,(08) Aug,0,21.82,2019-08-19 03:00:00,TP02,66
Oxycodone,4.06,68.81,(2) Tue,0.07,1.26,(08) Aug,1,20.7,2019-08-20 03:00:00,TP02,66
Oxycodone,5.08,65.39,(3) Wed,0.09,1.2,(08) Aug,2,19.71,2019-08-21 03:00:00,TP02,66
Oxycodone,0.44,66.82,(4) Thu,0.01,1.27,(08) Aug,0,20.81,2019-08-22 03:00:00,TP02,66
Oxycodone,1.66,79.29,(5) Fri,0.03,1.51,(08) Aug,1,24.86,2019-08-23 03:00:00,TP02,66
Oxycodone,5.61,86.35,(6) Sat,0.11,1.68,(08) Aug,2,27.56,2019-08-24 03:00:00,TP02,66
Oxycodone,3.22,59.67,(7) Sun,0.06,1.11,(08) Aug,1,18.25,2019-08-25 03:00:00,TP02,66
Noroxycodone,4.01,85.58,(1) Mon,0.07,1.47,(08) Aug,1,24.14,2019-08-19 03:00:00,TP02,66
Noroxycodone,6.04,81.2,(2) Tue,0.11,1.49,(08) Aug,2,24.43,2019-08-20 03:00:00,TP02,66
Noroxycodone,0.81,75.94,(3) Wed,0.01,1.39,(08) Aug,0,22.89,2019-08-21 03:00:00,TP02,66
Noroxycodone,1.9,78.57,(4) Thu,0.04,1.49,(08) Aug,1,24.47,2019-08-22 03:00:00,TP02,66
Noroxycodone,5.64,90.69,(5) Fri,0.11,1.73,(08) Aug,2,28.44,2019-08-23 03:00:00,TP02,66
Noroxycodone,3.98,109.62,(6) Sat,0.08,2.13,(08) Aug,1,34.99,2019-08-24 03:00:00,TP02,66
Noroxycodone,4.0,78.25,(7) Sun,0.07,1.46,(08) Aug,1,23.93,2019-08-25 03:00:00,TP02,66
Codeine,3.04,127.75,(1) Mon,0.05,2.19,(08) Aug,1,36.03,2019-08-19 03:00:00,TP02,66
Codeine,5.57,137.61,(2) Tue,0.1,2.52,(08) Aug,2,41.4,2019-08-20 03:00:00,TP02,66
Codeine,6.93,139.14,(3) Wed,0.13,2.55,(08) Aug,2,41.93,2019-08-21 03:00:00,TP02,66
Codeine,1.34,114.39,(4) Thu,0.03,2.17,(08) Aug,0,35.63,2019-08-22 03:00:00,TP02,66
Codeine,0.56,141.92,(5) Fri,0.01,2.71,(08) Aug,0,44.51,2019-08-23 03:00:00,TP02,66
Codeine,3.26,129.33,(6) Sat,0.06,2.51,(08) Aug,1,41.28,2019-08-24 03:00:00,TP02,66
Codeine,15.32,141.79,(7) Sun,0.29,2.64,(08) Aug,5,43.36,2019-08-25 03:00:00,TP02,66
Fentanyl,0.21,4.47,(1) Mon,0.0,0.08,(08) Aug,0,1.26,2019-08-19 03:00:00,TP02,66
Fentanyl,0.22,4.26,(2) Tue,0.0,0.08,(08) Aug,0,1.28,2019-08-20 03:00:00,TP02,66
Fentanyl,0.4,4.18,(3) Wed,0.01,0.08,(08) Aug,0,1.26,2019-08-21 03:00:00,TP02,66
Fentanyl,0.3,5.13,(4) Thu,0.01,0.1,(08) Aug,0,1.6,2019-08-22 03:00:00,TP02,66
Fentanyl,0.12,6.02,(5) Fri,0.0,0.11,(08) Aug,0,1.89,2019-08-23 03:00:00,TP02,66
Fentanyl,0.3,5.3,(6) Sat,0.01,0.1,(08) Aug,0,1.69,2019-08-24 03:00:00,TP02,66
Fentanyl,0.66,5.06,(7) Sun,0.01,0.09,(08) Aug,0,1.55,2019-08-25 03:00:00,TP02,66
Norfentanyl,0.02,18.6,(1) Mon,0.0,0.32,(08) Aug,0,5.25,2019-08-19 03:00:00,TP02,66
Norfentanyl,1.67,24.94,(2) Tue,0.03,0.46,(08) Aug,0,7.5,2019-08-20 03:00:00,TP02,66
Norfentanyl,0.41,24.67,(3) Wed,0.01,0.45,(08) Aug,0,7.43,2019-08-21 03:00:00,TP02,66
Norfentanyl,2.47,25.0,(4) Thu,0.05,0.47,(08) Aug,1,7.79,2019-08-22 03:00:00,TP02,66
Norfentanyl,0.64,23.43,(5) Fri,0.01,0.45,(08) Aug,0,7.35,2019-08-23 03:00:00,TP02,66
Norfentanyl,0.07,28.26,(6) Sat,0.0,0.55,(08) Aug,0,9.02,2019-08-24 03:00:00,TP02,66
Norfentanyl,-9999.99,-9999.99,(7) Sun,-9999.99,-9999.99,(08) Aug,-10000,-9999.99,2019-08-25 03:00:00,TP02,66
Heroin,-9999.99,-9999.99,(1) Mon,-9999.99,-9999.99,(08) Aug,-10000,-9999.99,2019-08-19 03:00:00,TP02,66
Heroin,0.56,7.2,(2) Tue,0.01,0.13,(08) Aug,0,2.17,2019-08-20 03:00:00,TP02,66
Heroin,0.93,7.27,(3) Wed,0.02,0.13,(08) Aug,0,2.19,2019-08-21 03:00:00,TP02,66
Heroin,0.96,7.44,(4) Thu,0.02,0.14,(08) Aug,0,2.32,2019-08-22 03:00:00,TP02,66
Heroin,1.05,9.44,(5) Fri,0.02,0.18,(08) Aug,0,2.96,2019-08-23 03:00:00,TP02,66
Heroin,0.4,5.11,(6) Sat,0.01,0.1,(08) Aug,0,1.63,2019-08-24 03:00:00,TP02,66
Heroin,0.14,4.5,(7) Sun,0.0,0.08,(08) Aug,0,1.38,2019-08-25 03:00:00,TP02,66
6-Acetylmorphine,0.27,42.68,(1) Mon,0.0,0.73,(08) Aug,0,12.04,2019-08-19 03:00:00,TP02,66
6-Acetylmorphine,0.6,29.95,(2) Tue,0.01,0.55,(08) Aug,0,9.01,2019-08-20 03:00:00,TP02,66
6-Acetylmorphine,1.42,35.28,(3) Wed,0.03,0.65,(08) Aug,0,10.63,2019-08-21 03:00:00,TP02,66
6-Acetylmorphine,1.96,23.22,(4) Thu,0.04,0.44,(08) Aug,1,7.23,2019-08-22 03:00:00,TP02,66
6-Acetylmorphine,2.43,33.13,(5) Fri,0.05,0.63,(08) Aug,1,10.39,2019-08-23 03:00:00,TP02,66
6-Acetylmorphine,0.11,33.23,(6) Sat,0.0,0.65,(08) Aug,0,10.61,2019-08-24 03:00:00,TP02,66
6-Acetylmorphine,2.64,36.35,(7) Sun,0.05,0.68,(08) Aug,1,11.12,2019-08-25 03:00:00,TP02,66
Oxycodone,4.91,72.82,(1) Mon,0.09,1.37,(09) Sep,2,22.52,2019-09-09 03:00:00,TP02,69
Oxycodone,1.76,74.11,(2) Tue,0.03,1.42,(09) Sep,1,23.25,2019-09-10 03:00:00,TP02,69
Oxycodone,1.9,68.77,(3) Wed,0.04,1.27,(09) Sep,1,20.78,2019-09-11 03:00:00,TP02,69
Oxycodone,6.72,86.64,(4) Thu,0.12,1.53,(09) Sep,2,25.13,2019-09-12 03:00:00,TP02,69
Oxycodone,1.39,102.69,(5) Fri,0.02,1.79,(09) Sep,0,29.36,2019-09-13 03:00:00,TP02,69
Oxycodone,34.35,128.06,(6) Sat,0.6,2.24,(09) Sep,10,36.75,2019-09-14 03:00:00,TP02,69
Oxycodone,0.19,71.0,(7) Sun,0.0,1.22,(09) Sep,0,20.07,2019-09-15 03:00:00,TP02,69
Noroxycodone,0.79,90.4,(1) Mon,0.01,1.7,(09) Sep,0,27.96,2019-09-09 03:00:00,TP02,69
Noroxycodone,0.33,51.02,(2) Tue,0.01,0.97,(09) Sep,0,16.01,2019-09-10 03:00:00,TP02,69
Noroxycodone,0.46,57.09,(3) Wed,0.01,1.05,(09) Sep,0,17.25,2019-09-11 03:00:00,TP02,69
Noroxycodone,0.13,55.7,(4) Thu,0.0,0.98,(09) Sep,0,16.16,2019-09-12 03:00:00,TP02,69
Noroxycodone,0.4,57.02,(5) Fri,0.01,0.99,(09) Sep,0,16.3,2019-09-13 03:00:00,TP02,69
Noroxycodone,19.99,80.44,(6) Sat,0.35,1.41,(09) Sep,6,23.09,2019-09-14 03:00:00,TP02,69
Noroxycodone,3.5,44.69,(7) Sun,0.06,0.77,(09) Sep,1,12.63,2019-09-15 03:00:00,TP02,69
Codeine,10.59,134.19,(1) Mon,0.06,1.21,(09) Sep,1,19.95,2019-09-09 03:00:00,TP02,69
Codeine,6.65,124.77,(2) Tue,0.08,2.04,(09) Sep,1,33.49,2019-09-10 03:00:00,TP02,69
Codeine,6.42,91.87,(3) Wed,0.01,1.32,(09) Sep,0,21.67,2019-09-11 03:00:00,TP02,69
Codeine,7.64,115.94,(4) Thu,0.05,1.91,(09) Sep,1,31.41,2019-09-12 03:00:00,TP02,69
Codeine,3.39,147.58,(5) Fri,0.15,2.54,(09) Sep,2,41.7,2019-09-13 03:00:00,TP02,69
Codeine,10.26,101.14,(6) Sat,0.31,1.55,(09) Sep,5,25.53,2019-09-14 03:00:00,TP02,69
Codeine,5.67,99.31,(7) Sun,0.01,1.6,(09) Sep,0,26.23,2019-09-15 03:00:00,TP02,69
Fentanyl,0.18,3.0,(1) Mon,0.0,0.06,(09) Sep,0,0.93,2019-09-09 03:00:00,TP02,69
Fentanyl,0.94,8.96,(2) Tue,0.02,0.17,(09) Sep,0,2.81,2019-09-10 03:00:00,TP02,69
Fentanyl,0.08,4.6,(3) Wed,0.0,0.08,(09) Sep,0,1.39,2019-09-11 03:00:00,TP02,69
Fentanyl,0.43,5.96,(4) Thu,0.01,0.11,(09) Sep,0,1.73,2019-09-12 03:00:00,TP02,69
Fentanyl,0.36,6.21,(5) Fri,0.01,0.11,(09) Sep,0,1.77,2019-09-13 03:00:00,TP02,69
Fentanyl,0.02,6.5,(6) Sat,0.0,0.11,(09) Sep,0,1.87,2019-09-14 03:00:00,TP02,69
Fentanyl,0.66,5.82,(7) Sun,0.01,0.1,(09) Sep,0,1.65,2019-09-15 03:00:00,TP02,69
Norfentanyl,0.65,6.95,(1) Mon,0.01,0.13,(09) Sep,0,2.15,2019-09-09 03:00:00,TP02,69
Norfentanyl,0.41,21.96,(2) Tue,0.01,0.42,(09) Sep,0,6.89,2019-09-10 03:00:00,TP02,69
Norfentanyl,1.12,18.07,(3) Wed,0.02,0.33,(09) Sep,0,5.46,2019-09-11 03:00:00,TP02,69
Norfentanyl,0.0,22.19,(4) Thu,0.0,0.39,(09) Sep,0,6.44,2019-09-12 03:00:00,TP02,69
Norfentanyl,0.4,22.17,(5) Fri,0.01,0.39,(09) Sep,0,6.34,2019-09-13 03:00:00,TP02,69
Norfentanyl,0.86,19.98,(6) Sat,0.01,0.35,(09) Sep,0,5.73,2019-09-14 03:00:00,TP02,69
Norfentanyl,0.73,15.85,(7) Sun,0.01,0.27,(09) Sep,0,4.48,2019-09-15 03:00:00,TP02,69
Heroin,-9999.99,-9999.99,(1) Mon,-9999.99,-9999.99,(09) Sep,-10000,-9999.99,2019-09-09 03:00:00,TP02,69
Heroin,-9999.99,-9999.99,(2) Tue,-9999.99,-9999.99,(09) Sep,-10000,-9999.99,2019-09-10 03:00:00,TP02,69
Heroin,-9999.99,-9999.99,(3) Wed,-9999.99,-9999.99,(09) Sep,-10000,-9999.99,2019-09-11 03:00:00,TP02,69
Heroin,-9999.99,-9999.99,(4) Thu,-9999.99,-9999.99,(09) Sep,-10000,-9999.99,2019-09-12 03:00:00,TP02,69
Heroin,-9999.99,-9999.99,(5) Fri,-9999.99,-9999.99,(09) Sep,-10000,-9999.99,2019-09-13 03:00:00,TP02,69
Heroin,-9999.99,-9999.99,(6) Sat,-9999.99,-9999.99,(09) Sep,-10000,-9999.99,2019-09-14 03:00:00,TP02,69
Heroin,-9999.99,-9999.99,(7) Sun,-9999.99,-9999.99,(09) Sep,-10000,-9999.99,2019-09-15 03:00:00,TP02,69
6-Acetylmorphine,0.07,6.99,(1) Mon,0.0,0.13,(09) Sep,0,2.16,2019-09-09 03:00:00,TP02,69
6-Acetylmorphine,0.79,21.11,(2) Tue,0.02,0.4,(09) Sep,0,6.62,2019-09-10 03:00:00,TP02,69
6-Acetylmorphine,1.04,19.06,(3) Wed,0.02,0.35,(09) Sep,0,5.76,2019-09-11 03:00:00,TP02,69
6-Acetylmorphine,1.11,31.81,(4) Thu,0.02,0.56,(09) Sep,0,9.22,2019-09-12 03:00:00,TP02,69
6-Acetylmorphine,1.91,27.17,(5) Fri,0.03,0.47,(09) Sep,1,7.77,2019-09-13 03:00:00,TP02,69
6-Acetylmorphine,4.82,35.5,(6) Sat,0.08,0.62,(09) Sep,1,10.19,2019-09-14 03:00:00,TP02,69
6-Acetylmorphine,1.0,32.09,(7) Sun,0.02,0.55,(09) Sep,0,9.07,2019-09-15 03:00:00,TP02,69
