,Name,Type,Subtype,Category,Capacity,Address,City,County,Zip,Lat,Lon,Layer,geometry,CountCategory
0,ARIZONA SPECIALTY HOSPITAL,HOSPITAL,SHORT TERM,HOSPITAL,24,"2905 WEST WARNER ROAD, SUITE 1",CHANDLER,MARICOPA,85224,33.3347,-111.891218,Hospital,POINT (-111.891218 33.3347),HospitalsGeneral
1,BANNER DESERT MEDICAL CENTER,HOSPITAL,SHORT TERM,HOSPITAL,615,1400 SOUTH  DOBSON ROAD,MESA,MARICOPA,85202,33.390773,-111.874786,Hospital,POINT (-111.874786 33.390773),HospitalsGeneral
2,SCOTTSDALE OSBORN MEDICAL CENTER,HOSPITAL,SHORT TERM,HOSPITAL,341,7400 EAST OSBORN ROAD,SCOTTSDALE,MARICOPA,85251,33.487776,-111.922888,Hospital,POINT (-111.922888 33.487776),HospitalsGeneral
3,O.A.S.I.S. HOSPITAL,HOSPITAL,SHORT TERM,HOSPITAL,64,750 NORTH 40TH STREET,PHOENIX,MARICOPA,85008,33.456559,-111.995377,Hospital,POINT (-111.995377 33.456559),HospitalsGeneral
4,"TEMPE ST LUKE'S HOSPITAL, A CAMPUS OF ST LUKE'S ME",HOSPITAL,SHORT TERM,HOSPITAL,74,1500 SOUTH MILL AVENUE,TEMPE,MARICOPA,85281,33.412378,-111.940084,Hospital,POINT (-111.940084 33.412378),HospitalsGeneral
5,GREENBAUM SPECIALTY SURGICAL HOSPITAL,HOSPITAL,SHORT TERM,HOSPITAL,26,3535 NORTH SCOTTSDALE ROAD,SCOTTSDALE,MARICOPA,85251,33.489968,-111.925891,Hospital,POINT (-111.925891 33.489968),HospitalsGeneral
6,BANNER BEHAVIORAL HEALTH HOSPITAL,HOSPITAL,PSYCHIATRIC,HOSPITAL,156,7575 EAST EARLL DRIVE,SCOTTSDALE,MARICOPA,85251,33.483854,-111.918339,Hospital,POINT (-111.918339 33.483854),HospitalsPsych
7,AURORA BEHAVIORAL HEALTHCARE-TEMPE,HOSPITAL,PSYCHIATRIC,HOSPITAL,138,6350 SOUTH MAPLE AVENUE,TEMPE,MARICOPA,85283,33.364115,-111.9386,Hospital,POINT (-111.9386 33.364115),HospitalsPsych
8,"ARIZONA ADVANCED SURGERY CENTER, LLC",AZ MEDICAL FACILITIES,OUTPATIENT TREATMENT CENTER,OTC,0,"1550 SOUTH ALMA SCHOOL ROAD, SUITE 100",MESA,MARICOPA,85210,33.387742,-111.857607,MedFac,POINT (-111.857607 33.387742),SurgicalCenters
9,"BODYSCULPTING OUTPATIENT SURGERY CENTER, LLC",AMBULATORY SURGICAL CENTER,MEDICARE,OSC,0,2255 NORTH SCOTTSDALE ROAD,SCOTTSDALE,MARICOPA,85257,33.472438,-111.925936,MedFac,POINT (-111.925936 33.472438),SurgicalCenters
10,DESERT CLIFFS SURGERY CENTER,AMBULATORY SURGICAL CENTER,MEDICARE,OSC,0,"2250 WEST SOUTHERN AVENUE, SUITE 101",MESA,MARICOPA,85202,33.393156,-111.879794,MedFac,POINT (-111.879794 33.393156),SurgicalCenters
11,BANNER DESERT SURGERY CENTER,AMBULATORY SURGICAL CENTER,MEDICARE,OSC,0,"1500 SOUTH DOBSON ROAD, SUITE 101",MESA,MARICOPA,85202,33.38768,-111.874805,MedFac,POINT (-111.874805 33.38768),SurgicalCenters
12,ARIZONA SPECIALTY SURGERY CENTER,AMBULATORY SURGICAL CENTER,MEDICARE,OSC,0,"2905 WEST WARNER ROAD, SUITE 10",CHANDLER,MARICOPA,85224,33.3347,-111.891218,MedFac,POINT (-111.891218 33.3347),SurgicalCenters
13,CENTRAL SCOTTSDALE SURGERY CENTER,MED-OUTPATIENT SURGERY CENTER,OUTPATIENT SURGERY CENTER,OSC,0,"3271 NORTH CIVIC CENTER PLAZA, SUITE 100",SCOTTSDALE,MARICOPA,85251,33.485374,-111.921661,MedFac,POINT (-111.921661 33.485374),SurgicalCenters
14,SOUTH MOUNTAIN SURGERY CENTER,AMBULATORY SURGICAL CENTER,MEDICARE,OSC,0,"15810 SOUTH 45TH STREET, SUITE 150",PHOENIX,MARICOPA,85048,33.304849,-111.987017,MedFac,POINT (-111.987017 33.304849),SurgicalCenters
15,"DOCTORS' OUTPATIENT SURGICAL CENTER, LLC",AMBULATORY SURGICAL CENTER,MEDICARE,OSC,0,"2155 EAST CONFERENCE DRIVE, SUITE 111",TEMPE,MARICOPA,85284,33.342779,-111.89501,MedFac,POINT (-111.89501 33.342779),SurgicalCenters
16,"ARIZONA SURGICAL SPECIALISTS CENTER, LLC",AMBULATORY SURGICAL CENTER,MEDICARE,OSC,0,1984 EAST BASELINE ROAD,TEMPE,MARICOPA,85283,33.378584,-111.901078,MedFac,POINT (-111.901078 33.378584),SurgicalCenters
17,"SCOTTSDALE SURGICAL CENTER, LLC",MED-OUTPATIENT SURGERY CENTER,OUTPATIENT SURGERY CENTER,OSC,0,3320 NORTH MILLER ROAD,SCOTTSDALE,MARICOPA,85251,33.486658,-111.917685,MedFac,POINT (-111.917685 33.486658),SurgicalCenters
18,"SOUTHWEST CENTERS FOR REGENERATIVE MEDICINE, LLC",MED-OUTPATIENT SURGERY CENTER,OUTPATIENT SURGERY CENTER,OSC,0,"2629 NORTH SCOTTSDALE ROAD, SUITE 100",SCOTTSDALE,MARICOPA,85257,33.477646,-111.926002,MedFac,POINT (-111.926002 33.477646),SurgicalCenters
19,FASTMED URGENT CARE - RAY ROAD,AZ MEDICAL FACILITIES,OUTPATIENT TREATMENT CENTER,OTC,0,"2875 WEST RAY ROAD, SUITE 8",CHANDLER,MARICOPA,85224,33.320158,-111.891568,MedFac,POINT (-111.891568 33.320158),UrgentCare
20,DIGNITY HEALTH URGENT CARE- AHWATUKEE,MED-SINGLE GROUP LICENSURE/OTC,MED-SINGLE GROUP LICENSURE/OTC,OTC,0,4545 EAST CHANDLER BOULEVARD,PHOENIX,MARICOPA,85044,33.305036,-111.985119,MedFac,POINT (-111.985119 33.305036),UrgentCare
21,DIGNITY HEALTH ARIZONA GENERAL HOSPITAL EMERGENCY,MED-SINGLE GROUP LICENSURE/OTC,MED-SINGLE GROUP LICENSURE/OTC,OTC,0,4328 EAST CHANDLER BOULEVARD,PHOENIX,MARICOPA,85048,33.305444,-111.990645,MedFac,POINT (-111.990645 33.305444),UrgentCare
22,DIGNITY HEALTH ARIZONA GENERAL HOSPITAL EMERGENCY,MED-SINGLE GROUP LICENSURE/OTC,MED-SINGLE GROUP LICENSURE/OTC,OTC,0,5125 SOUTH RURAL ROAD,TEMPE,MARICOPA,85282,33.379938,-111.928141,MedFac,POINT (-111.928141 33.379938),UrgentCare
23,MOMDOC WOMEN FOR WOMEN/WOMEN'S HEALTH,AZ MEDICAL FACILITIES,OUTPATIENT TREATMENT CENTER,OTC,0,"7342 EAST THOMAS ROAD, #105",SCOTTSDALE,MARICOPA,85251,33.480503,-111.923151,MedFac,POINT (-111.923151 33.480503),WomensClinic
24,CATALYST PAIN SOLUTIONS,AMBULATORY SURGICAL CENTER,MEDICARE,OSC,0,"668 NORTH 44TH STREET, SUITE 101W",PHOENIX,MARICOPA,85008,33.45538,-111.987396,MedFac,POINT (-111.987396 33.45538),PainManagement
25,"AZ PAIN CENTER, LLC",AZ MEDICAL FACILITIES,OUTPATIENT TREATMENT CENTER,OTC,0,"3800 WEST RAY ROAD, SUITE 5",CHANDLER,MARICOPA,85226,33.320285,-111.906974,MedFac,POINT (-111.906974 33.320285),PainManagement
26,PALLIATIVE CARE ALLIANCE,MED-UNCLASSIFIED,UNCLASSIFIED,MED - Other,0,"60 EAST RIO SALADO PARKWAY, SUITE 900",TEMPE,MARICOPA,85281,33.430004,-111.938898,MedFac,POINT (-111.938898 33.430004),PainManagement
27,STI PHYSICAL THERAPY AND REHABILITATION - MESA,AZ MEDICAL FACILITIES,OUTPATIENT TREATMENT CENTER,OTC,0,"1941 WEST GUADALUPE ROAD, SUITE 108",MESA,MARICOPA,85202,33.363945,-111.874872,MedFac,POINT (-111.874872 33.363945),PhysicalTherapy
28,DESERT HAND AND PHYSICAL THERAPY,AZ MEDICAL FACILITIES,OUTPATIENT TREATMENT CENTER,OTC,0,"2195 WEST CHANDLER BLVD, SUITE 180",CHANDLER,MARICOPA,85224,33.30576,-111.87971,MedFac,POINT (-111.87971 33.30576),PhysicalTherapy
29,BANNER PHYSICAL THERAPY AND REHABILITATION,OUTPATIENT PHYSICAL THERAPY/SPEECH PATHOLOGY SERVICES,MEDICARE,OTC,0,"2225 WEST SOUTHERN AVENUE, BUILDING 1300, SUITE B",MESA,MARICOPA,85202,33.392882,-111.879591,MedFac,POINT (-111.879591 33.392882),PhysicalTherapy
30,BANNER PHYSICAL THERAPY AND REHABILITATION,AZ MEDICAL FACILITIES,OUTPATIENT TREATMENT CENTER,OTC,0,"1972 EAST BASELINE ROAD, SUITE 103",TEMPE,MARICOPA,85283,33.378585,-111.901639,MedFac,POINT (-111.901639 33.378585),PhysicalTherapy
31,AGEILITY PHYSICAL THERAPY SOLUTIONS AT SCOTTSDALE,OUTPATIENT PHYSICAL THERAPY/SPEECH PATHOLOGY SERVICES,MEDICARE,OTC,0,6001 EAST THOMAS ROAD,SCOTTSDALE,MARICOPA,85251,33.479967,-111.951966,MedFac,POINT (-111.951966 33.479967),PhysicalTherapy
32,VIBRANTCARE OUTPATIENT REHABILITATION WEST,OUTPATIENT PHYSICAL THERAPY/SPEECH PATHOLOGY SERVICES,MEDICARE,OTC,0,"4515 SOUTH MCCLINTOCK DRIVE, SUITE 110",TEMPE,MARICOPA,85282,33.384665,-111.908902,MedFac,POINT (-111.908902 33.384665),PhysicalTherapy
33,MAYO CLINIC SPORTS MEDICINE CENTER,AZ MEDICAL FACILITIES,OUTPATIENT TREATMENT CENTER,OTC,1,"63 SOUTH ROCKFORD DRIVE, SUITE 130",TEMPE,MARICOPA,85281,33.4316158,-111.8972577,MedFac,POINT (-111.8972577 33.4316158),PhysicalTherapy
34,"CROSSROADS, INC - EXTENSION",Behavioral Health Facility,BH RESIDENTIAL FACILITY - ADULT,BH Residential,102,244 NORTH EXTENSION ROAD,MESA,MARICOPA,85201,33.420286,-111.848415,Res,POINT (-111.848415 33.420286),MentalFacilities
35,SOUTHWEST BEHAVIORAL HEALTH SERVICES - SHERIDAN,Behavioral Health Facility,BH RESIDENTIAL FACILITY - ADULT,BH Residential,5,7626 EAST SHERIDAN,SCOTTSDALE,MARICOPA,85257,33.475159,-111.917073,Res,POINT (-111.917073 33.475159),MentalFacilities
36,BLUE SKY BEHAVIORAL AT COLT,Behavioral Health Facility,BH RESIDENTIAL FACILITY - ADULT,BH Residential,10,1619 WEST COLT ROAD,CHANDLER,MARICOPA,85224,33.337102,-111.869501,Res,POINT (-111.869501 33.337102),MentalFacilities
37,PENALI MANOR LLC,Behavioral Health Facility,BH RESIDENTIAL FACILITY - ADULT,BH Residential,5,3532 WEST BOSTON STREET,CHANDLER,MARICOPA,85226,33.301032,-111.903777,Res,POINT (-111.903777 33.301032),MentalFacilities
38,BLUE SKY BEHAVIORAL AT SANTA ANNA,Behavioral Health Facility,BH RESIDENTIAL FACILITY - ADULT,BH Residential,10,2202 NORTH SANTA ANNA COURT,CHANDLER,MARICOPA,85224,33.338183,-111.877383,Res,POINT (-111.877383 33.338183),MentalFacilities
39,HORIZON ORANGE,Behavioral Health Facility,BH RESIDENTIAL FACILITY - ADULT,BH Residential,10,1314 EAST ORANGE AVENUE,TEMPE,MARICOPA,85281,33.418518,-111.916423,Res,POINT (-111.916423 33.418518),MentalFacilities
40,A TENDER HAND BEHAVIORAL HEALTH,Behavioral Health Facility,BH RESIDENTIAL FACILITY - ADULT,BH Residential,5,6216 SOUTH 36TH STREET,PHOENIX,MARICOPA,85042,33.389672,-112.004307,Res,POINT (-112.004307 33.389672),MentalFacilities
41,NOBLE HOMES,Behavioral Health Facility,BH RESIDENTIAL FACILITY - ADULT,BH Residential,5,1342 WEST PARK AVENUE,CHANDLER,MARICOPA,85224,33.321966,-111.864625,Res,POINT (-111.864625 33.321966),MentalFacilities
42,MEREWAY MANOR BEHAVIORAL HEALTH HOME,Behavioral Health Facility,BH RESIDENTIAL FACILITY - ADULT,BH Residential,10,7746 EAST LATHAM STREET,SCOTTSDALE,MARICOPA,85257,33.460842,-111.9132,Res,POINT (-111.9132 33.460842),MentalFacilities
43,"HARMONY CARE, LLC",Behavioral Health Facility,BH RESIDENTIAL FACILITY - ADULT,BH Residential,5,2726 SOUTH LOS ALTOS,MESA,MARICOPA,85202,33.365404,-111.880335,Res,POINT (-111.880335 33.365404),MentalFacilities
44,HEALTH SQUARED LLC,Behavioral Health Facility,BH RESIDENTIAL FACILITY - ADULT,BH Residential,5,10401 SOUTH 44TH PLACE,PHOENIX,MARICOPA,85044,33.35158,-111.986886,Res,POINT (-111.986886 33.35158),MentalFacilities
45,BBC SCOTTSDALE,Behavioral Health Facility,BH RESIDENTIAL FACILITY - ADULT,BH Residential,8,808 NORTH 74TH STREET,SCOTTSDALE,MARICOPA,85257,33.456761,-111.921214,Res,POINT (-111.921214 33.456761),MentalFacilities
46,"S T A R - STAND TOGETHER AND RECOVER CENTERS, INC",MED-COUNSELING,COUNSELING,BH,0,1310 WEST UNIVERSITY DRIVE,MESA,MARICOPA,85201,33.422291,-111.857597,MedFac,POINT (-111.857597 33.422291),MentalFacilities
47,"DYNAMIC LIVING COUNSELING, INC.",MED-COUNSELING,COUNSELING,BH,0,"1340 EAST BROADWAY ROAD, SUITE 107",TEMPE,MARICOPA,85282,33.407703,-111.916134,MedFac,POINT (-111.916134 33.407703),MentalFacilities
48,CROSSROADS EXTENSION COUNSELING CENTER,MED-COUNSELING,COUNSELING,BH,0,244 NORTH EXTENSION ROAD SUITE 1,MESA,MARICOPA,85201,33.420286,-111.848415,MedFac,POINT (-111.848415 33.420286),MentalFacilities
49,HELPING HANDS HEALTH SERVICES,MED-COUNSELING,COUNSELING,BH,0,"1330 WEST AUTO DRIVE, SUITE 101",TEMPE,MARICOPA,85284,33.342957,-111.95845,MedFac,POINT (-111.95845 33.342957),MentalFacilities
50,SURESTEP PSYCHOLOGY SERVICES,MED-COUNSELING,COUNSELING,BH,0,"1220 SOUTH ALMA SCHOOL ROAD, SUITE 210",MESA,MARICOPA,85210,33.392388,-111.857507,MedFac,POINT (-111.857507 33.392388),MentalFacilities
51,"CROSSWINDS COUNSELING SERVICES, INC.",MED-COUNSELING,COUNSELING,BH,0,"512 EAST SOUTHERN AVENUE, SUITE C",TEMPE,MARICOPA,85282,33.393055,-111.931349,MedFac,POINT (-111.931349 33.393055),MentalFacilities
52,INNER-WORK COUNSELING,MED-COUNSELING,COUNSELING,BH,0,"3231 SOUTH COUNTRY CLUB WAY, SUITE 111",TEMPE,MARICOPA,85282,33.394383,-111.900365,MedFac,POINT (-111.900365 33.394383),MentalFacilities
53,"PSYCH SERVICES, LLC",AZ MEDICAL FACILITIES,OUTPATIENT TREATMENT CENTER,OTC,0,"1930 SOUTH ALMA SCHOOL ROAD, BUILDING B212",MESA,MARICOPA,85210,33.379866,-111.85996,MedFac,POINT (-111.85996 33.379866),MentalFacilities
54,EMPACT SUICIDE PREVENTION CENTER,AZ MEDICAL FACILITIES,OUTPATIENT TREATMENT CENTER,OTC,0,618 SOUTH MADISON DRIVE,TEMPE,MARICOPA,85281,33.423794,-111.973481,MedFac,POINT (-111.973481 33.423794),MentalFacilities
55,"ARIZONA AUTISM UNITED, INC",AZ MEDICAL FACILITIES,OUTPATIENT TREATMENT CENTER,OTC,0,"5025 EAST WASHINGTON STREET, SUITE 212",PHOENIX,MARICOPA,85034,33.446454,-111.972702,MedFac,POINT (-111.972702 33.446454),MentalFacilities
56,PASCUA YAQUI BEHAVIORAL HEALTH,AZ MEDICAL FACILITIES,OUTPATIENT TREATMENT CENTER,OTC,0,9405 SOUTH AVENIDA DEL YAQUI,GUADALUPE,MARICOPA,85283,33.360941,-111.962962,MedFac,POINT (-111.962962 33.360941),MentalFacilities
57,CONFIDENTIAL COUNSELING & CONSULTING LLC,SL-Court Ordered Services,DUI/DVTX,MED - Other,0,4625 SOUTH LAKESHORE DRIVE,TEMPE,MARICOPA,85282,33.381618,-111.92417,DUI/DV,POINT (-111.92417 33.381618),MentalFacilities
58,"AWAKENING RECOVERY CENTER, LLC",MED-COUNSELING,COUNSELING,BH,0,"1204 EAST BASELINE ROAD, SUITE 208",TEMPE,MARICOPA,85283,33.378463,-111.920074,MedFac,POINT (-111.920074 33.378463),SubstanceHelp
59,CHOICE RECOVERY CENTERS,AZ MEDICAL FACILITIES,OUTPATIENT TREATMENT CENTER,OTC,0,"2222 SOUTH DOBSON ROAD, SUITE 1002",MESA,MARICOPA,85202,33.37438,-111.880172,MedFac,POINT (-111.880172 33.37438),SubstanceHelp
60,"CRISIS PREPARATION & RECOVERY, INC",AZ MEDICAL FACILITIES,OUTPATIENT TREATMENT CENTER,OTC,0,"2120 SOUTH MCCLINTOCK DRIVE, SUITE 105",TEMPE,MARICOPA,85282,33.405086,-111.909257,MedFac,POINT (-111.909257 33.405086),SubstanceHelp
61,"INVITATION2RECOVERY, LLC",AZ MEDICAL FACILITIES,OUTPATIENT TREATMENT CENTER,OTC,0,"7281 EAST EARLL DRIVE, SUITE  A2",SCOTTSDALE,MARICOPA,85251,33.483868,-111.924878,MedFac,POINT (-111.924878 33.483868),SubstanceHelp
62,RELIEVE MEDICAL DETOX,AZ MEDICAL FACILITIES,OUTPATIENT TREATMENT CENTER,OTC,0,"7283 EAST EARLL DRIVE, BUILDING B, STE 1",SCOTTSDALE,MARICOPA,85251,33.483868,-111.924799,MedFac,POINT (-111.924799 33.483868),SubstanceHelp
63,"MISSION TREATMENT CENTERS, INC.",AZ MEDICAL FACILITIES,OUTPATIENT TREATMENT CENTER,OTC,0,"617 NORTH SCOTTSDALE ROAD, SUITE D",SCOTTSDALE,MARICOPA,85257,33.455003,-111.92616,MedFac,POINT (-111.92616 33.455003),SubstanceHelp
64,"RECOVIA, LLC",AZ MEDICAL FACILITIES,OUTPATIENT TREATMENT CENTER,OTC,0,1910 EAST SOUTHERN AVENUE,TEMPE,MARICOPA,85282,33.393089,-111.904169,MedFac,POINT (-111.904169 33.393089),SubstanceHelp
65,RECLAIM U COUNSELING,SL-Court Ordered Services,DUI/DVTX,MED - Other,0,"2111  EAST BASELINE ROAD, SUITE B-3",TEMPE,MARICOPA,85283,33.378312,-111.896908,DUI/DV,POINT (-111.896908 33.378312),SubstanceHelp
66,BAYLESS HEALTHCARE GROUP,AZ MEDICAL FACILITIES,OUTPATIENT TREATMENT CENTER,OTC,0,"2204 SOUTH DOBSON ROAD, SUITE 102",MESA,MARICOPA,85202,33.374945,-111.879873,MedFac,POINT (-111.879873 33.374945),MedicalFacility
67,BAYLESS HEALTHCARE GROUP,AZ MEDICAL FACILITIES,OUTPATIENT TREATMENT CENTER,OTC,0,2204 SOUTH DOBSON ROAD SUITE 201,MESA,MARICOPA,85202,33.374945,-111.879873,MedFac,POINT (-111.879873 33.374945),MedicalFacility
68,NATIVE HEALTH,AZ MEDICAL FACILITIES,OUTPATIENT TREATMENT CENTER,OTC,0,"777 WEST SOUTHERN AVENUE, BUILDING E, SUITE 501",MESA,MARICOPA,85210,33.393001,-111.848395,MedFac,POINT (-111.848395 33.393001),MedicalFacility
69,OPEN HEARTS,AZ MEDICAL FACILITIES,OUTPATIENT TREATMENT CENTER,OTC,0,"3280 SOUTH COUNTRY CLUB WAY, SUITE 110",TEMPE,MARICOPA,85282,33.393323,-111.900702,MedFac,POINT (-111.900702 33.393323),MedicalFacility
70,PASSPORT HEALTH,AZ MEDICAL FACILITIES,OUTPATIENT TREATMENT CENTER,OTC,0,"2034 EAST SOUTHERN AVENUE, SUITE L",TEMPE,MARICOPA,85282,33.393098,-111.899143,MedFac,POINT (-111.899143 33.393098),MedicalFacility
71,"NEW FOUNDATION, THE",AZ MEDICAL FACILITIES,OUTPATIENT TREATMENT CENTER,OTC,0,1200 NORTH 77TH STREET,SCOTTSDALE,MARICOPA,85257,33.4621,-111.913933,MedFac,POINT (-111.913933 33.4621),MedicalFacility
72,AGNES' CENTERS FOR DOMESTIC SOLUTIONS,AZ MEDICAL FACILITIES,OUTPATIENT TREATMENT CENTER,OTC,0,"455 SOUTH 48TH STREET, SUITE 106",TEMPE,MARICOPA,85281,33.425203,-111.977206,MedFac,POINT (-111.977206 33.425203),MedicalFacility
73,HONORHEALTH GASTROENTEROLOGY,AZ MEDICAL FACILITIES,OUTPATIENT TREATMENT CENTER,OTC,0,"3501 NORTH SCOTTSDALE ROAD, SUITE 320",SCOTTSDALE,MARICOPA,85251,33.489744,-111.925893,MedFac,POINT (-111.925893 33.489744),MedicalFacility
74,TERROS HEALTH,AZ MEDICAL FACILITIES,OUTPATIENT TREATMENT CENTER,OTC,0,"1642 SOUTH PRIEST DRIVE, BUILDING 6, SUITE 101",TEMPE,MARICOPA,85281,33.410731,-111.960947,MedFac,POINT (-111.960947 33.410731),MedicalFacility
75,TEMPE ST LUKE'S HOSPITAL WOUND CENTER,MED-SINGLE GROUP LICENSURE/OTC,MED-SINGLE GROUP LICENSURE/OTC,OTC,0,"1492 SOUTH MILL AVENUE, SUITE 103",TEMPE,MARICOPA,85281,33.412452,-111.940084,MedFac,POINT (-111.940084 33.412452),MedicalFacility
76,VALLEY HOPE ASSOCIATION - TEMPE,AZ MEDICAL FACILITIES,OUTPATIENT TREATMENT CENTER,OTC,0,2103 & 2115 EAST SOUTHERN AVENUE,TEMPE,MARICOPA,85282,33.3923168,-111.8959373,MedFac,POINT (-111.8959373 33.3923168),MedicalFacility
77,ASU HEALTH SERVICES - SDA SUN DEVIL ATHLETICS,AZ MEDICAL FACILITIES,OUTPATIENT TREATMENT CENTER,OTC,0,"500 EAST VETERANS WAY, LOWER LEVEL 1",TEMPE,MARICOPA,85281,33.425405,-111.93402,MedFac,POINT (-111.93402 33.425405),MedicalFacility
78,CONCENTRA MEDICAL CENTERS,AZ MEDICAL FACILITIES,OUTPATIENT TREATMENT CENTER,OTC,0,"1710 WEST SOUTHERN, SUITES B1, B2 AND B3",MESA,MARICOPA,85202,33.393823,-111.868161,MedFac,POINT (-111.868161 33.393823),MedicalFacility
79,CIGNA CHANDLER HEALTHCARE CENTER,AZ MEDICAL FACILITIES,OUTPATIENT TREATMENT CENTER,OTC,0,1717 WEST CHANDLER BOULEVARD,CHANDLER,MARICOPA,85224,33.305805,-111.87182,MedFac,POINT (-111.87182 33.305805),MedicalFacility
80,SPINE GROUP ARIZONA,AZ MEDICAL FACILITIES,OUTPATIENT TREATMENT CENTER,OTC,0,3621 NORTH WELLS FARGO AVENUE,SCOTTSDALE,MARICOPA,85251,33.490156,-111.923097,MedFac,POINT (-111.923097 33.490156),MedicalFacility
81,NEIL RIORDAN CENTER FOR REGENERATIVE MEDICINE,AZ MEDICAL FACILITIES,OUTPATIENT TREATMENT CENTER,OTC,0,2152 EAST BROADWAY ROAD,TEMPE,MARICOPA,85282,33.407688,-111.894837,MedFac,POINT (-111.894837 33.407688),MedicalFacility
82,"SOLEO HEALTH, INC",AZ MEDICAL FACILITIES,OUTPATIENT TREATMENT CENTER,OTC,0,"415 SOUTH 48TH STREET, SUITE 101",TEMPE,MARICOPA,85281,33.425563,-111.97722,MedFac,POINT (-111.97722 33.425563),MedicalFacility
83,HONORHEALTH MEDICAL GROUP,AZ MEDICAL FACILITIES,OUTPATIENT TREATMENT CENTER,OTC,0,"1626 SOUTH PRIEST DRIVE, SUITE 104",TEMPE,MARICOPA,85281,33.410961,-111.960948,MedFac,POINT (-111.960948 33.410961),MedicalFacility
84,PHYSICIAN GROUP OF ARIZONA MULTI SPECIALTY CLINIC,AZ MEDICAL FACILITIES,OUTPATIENT TREATMENT CENTER,OTC,0,"1492 SOUTH MILL AVENUE, SUITE 113",TEMPE,MARICOPA,85281,33.412452,-111.940084,MedFac,POINT (-111.940084 33.412452),MedicalFacility
85,ADELANTE HEALTHCARE MESA,FEDERALLY QUALIFIED HEALTH CENTER,FEDERALLY QUALIFIED HEALTH CENTER,OTC,0,1705 WEST MAIN STREET,MESA,MARICOPA,85201,33.414656,-111.867928,MedFac,POINT (-111.867928 33.414656),MedicalFacility
86,DERMA HEALTH INSTITUTE OF CHANDLER,AZ MEDICAL FACILITIES,OUTPATIENT TREATMENT CENTER,OTC,0,"2905 WEST WARNER ROAD, SUITE 17",CHANDLER,MARICOPA,85224,33.3347,-111.891218,MedFac,POINT (-111.891218 33.3347),MedicalFacility
87,HONORHEALTH OUTPATIENT THERAPY SERVICES,AZ MEDICAL FACILITIES,OUTPATIENT TREATMENT CENTER,OTC,0,3134 NORTH CIVIC CENTER PLAZA,SCOTTSDALE,MARICOPA,85251,33.484393,-111.921995,MedFac,POINT (-111.921995 33.484393),MedicalFacility
88,MOUNTAIN PARK HEALTH CENTER- TEMPE CLINIC,FEDERALLY QUALIFIED HEALTH CENTER,FEDERALLY QUALIFIED HEALTH CENTER,OTC,0,1840 EAST BROADWAY ROAD,TEMPE,MARICOPA,85282,33.407691,-111.907371,MedFac,POINT (-111.907371 33.407691),MedicalFacility
89,CONCENTRA MEDICAL CENTERS - RIO SALADO,AZ MEDICAL FACILITIES,OUTPATIENT TREATMENT CENTER,OTC,0,"1626 SOUTH PRIEST DRIVE, SUITE 101",TEMPE,MARICOPA,85281,33.410961,-111.960948,MedFac,POINT (-111.960948 33.410961),MedicalFacility
90,FRESENIUS MEDICAL CARE - TEMPE,END STAGE RENAL DISEASE FACILITIES,MEDICARE,OTC,21,1449 WEST SOUTHERN AVENUE,TEMPE,MARICOPA,85282,33.392715,-111.961635,MedFac,POINT (-111.961635 33.392715),MedicalFacility
91,NEURODIAGNOSTIC LABS - MESA,AZ MEDICAL FACILITIES,OUTPATIENT TREATMENT CENTER,OTC,0,"2266 SOUTH DOBSON ROAD, SUITE 1203",MESA,MARICOPA,85202,33.373458,-111.880477,MedFac,POINT (-111.880477 33.373458),MedicalFacility
92,"MINUTECLINIC, LLC",AZ MEDICAL FACILITIES,OUTPATIENT TREATMENT CENTER,OTC,0,4430 EAST RAY ROAD,PHOENIX,MARICOPA,85044,33.320529,-111.988659,MedFac,POINT (-111.988659 33.320529),MedicalFacility
93,CIGNA C J HARRIS HEALTH CARE CENTER,AZ MEDICAL FACILITIES,OUTPATIENT TREATMENT CENTER,OTC,0,1920 EAST BASELINE ROAD,TEMPE,MARICOPA,85283,33.37858,-111.903812,MedFac,POINT (-111.903812 33.37858),MedicalFacility
94,NOAH BALSZ HEALTH CENTER,FEDERALLY QUALIFIED HEALTH CENTER,FEDERALLY QUALIFIED HEALTH CENTER,OTC,0,1300 NORTH 48TH STREET,PHOENIX,MARICOPA,85008,33.462047,-111.978628,MedFac,POINT (-111.978628 33.462047),MedicalFacility
95,US CAREWAYS,AZ MEDICAL FACILITIES,OUTPATIENT TREATMENT CENTER,OTC,0,"3800 SKY HARBOR BOULEVARD, SUITE L-R12",PHOENIX,MARICOPA,85034,33.435911,-111.998093,MedFac,POINT (-111.998093 33.435911),MedicalFacility
96,HONORHEALTH MEDICAL GROUP,AZ MEDICAL FACILITIES,OUTPATIENT TREATMENT CENTER,OTC,0,"450 EAST RIO SALADO PARKWAY, BLDG C, STE 110-113",TEMPE,MARICOPA,85281,33.429483,-111.93183,MedFac,POINT (-111.93183 33.429483),MedicalFacility
97,COREBELLA HEALTH AND WELLNESS,AZ MEDICAL FACILITIES,OUTPATIENT TREATMENT CENTER,OTC,0,"2600 EAST SOUTHERN AVENUE, SUITE E1",TEMPE,MARICOPA,85282,33.393146,-111.881971,MedFac,POINT (-111.881971 33.393146),MedicalFacility
98,OPTION CARE,AZ MEDICAL FACILITIES,OUTPATIENT TREATMENT CENTER,OTC,0,"7850 SOUTH HARDY DRIVE, SUITE 105",TEMPE,MARICOPA,85284,33.348815,-111.954616,MedFac,POINT (-111.954616 33.348815),MedicalFacility
99,"LITTLE CLINIC OF ARIZONA, LLC, THE",AZ MEDICAL FACILITIES,OUTPATIENT TREATMENT CENTER,OTC,0,9900 SOUTH RURAL ROAD,TEMPE,MARICOPA,85284,33.322126,-111.928372,MedFac,POINT (-111.928372 33.322126),MedicalFacility
100,HONORHEALTH SCOTTSDALE OSBORN MED CTR PRE-ADMISSIO,AZ MEDICAL FACILITIES,OUTPATIENT TREATMENT CENTER,OTC,0,"3501 NORTH SCOTTSDALE ROAD, SUITE 222",SCOTTSDALE,MARICOPA,85251,33.489744,-111.925893,MedFac,POINT (-111.925893 33.489744),MedicalFacility
101,HONORHEALTH OUTPATIENT THERAPY SERVICES,AZ MEDICAL FACILITIES,OUTPATIENT TREATMENT CENTER,OTC,0,"1761 EAST WARNER ROAD, SUITE B-1",TEMPE,MARICOPA,85284,33.334493,-111.91167,MedFac,POINT (-111.91167 33.334493),MedicalFacility
102,BANNER UNIVERSITY MEDICAL GROUP PHOENIX,AZ MEDICAL FACILITIES,OUTPATIENT TREATMENT CENTER,OTC,0,"7555 EAST OSBORN ROAD, SUITE 201",SCOTTSDALE,MARICOPA,85251,33.487508,-111.918461,MedFac,POINT (-111.918461 33.487508),MedicalFacility
103,TEMPE INTERVENTIONAL TREATMENT CENTER,AZ MEDICAL FACILITIES,OUTPATIENT TREATMENT CENTER,OTC,0,"1001 EAST WARNER ROAD, SUITE 103",TEMPE,MARICOPA,85284,33.334537,-111.925998,MedFac,POINT (-111.925998 33.334537),MedicalFacility
104,VIRTIS HEALTH LLC,AZ MEDICAL FACILITIES,OUTPATIENT TREATMENT CENTER,OTC,0,"415 SOUTH 48TH STREET, SUITE 107",TEMPE,MARICOPA,85281,33.425563,-111.97722,MedFac,POINT (-111.97722 33.425563),MedicalFacility
105,SCOTTSDALE VILLAGE SQUARE,NURSING HOME (NH),SNF/NF DUAL CERT,NH,141,2620 NORTH 68TH STREET,SCOTTSDALE,MARICOPA,85257,33.476956,-111.934933,LongTerm,POINT (-111.934933 33.476956),NursingAssisted
106,PLAZA HEALTHCARE,NURSING HOME (NH),SNF/NF DUAL CERT,NH,179,1475 NORTH GRANITE REEF ROAD,SCOTTSDALE,MARICOPA,85257,33.464221,-111.900351,LongTerm,POINT (-111.900351 33.464221),NursingAssisted
107,OSBORN HEALTH AND REHABILITATION,NURSING HOME (NH),SNF/NF DUAL CERT,NH,130,3333 NORTH CIVIC CENTER PLAZA,SCOTTSDALE,MARICOPA,85251,33.48,-111.92,LongTerm,POINT (-111.92 33.48),NursingAssisted
108,FRIENDSHIP VILLAGE OF TEMPE,NURSING HOME (NH),SNF ONLY,NH,128,2525 EAST SOUTHERN AVENUE,TEMPE,MARICOPA,85282,33.392861,-111.883972,LongTerm,POINT (-111.883972 33.392861),NursingAssisted
109,THE GARDENS OF SCOTTSDALE,NURSING HOME (NH),SNF ONLY,NH,44,6001 EAST THOMAS ROAD,SCOTTSDALE,MARICOPA,85251,33.479967,-111.951966,LongTerm,POINT (-111.951966 33.479967),NursingAssisted
110,NEURORESTORATIVE,NURSING HOME (NH),SNF/NF DISTINCT PART,NH,31,5301 EAST THOMAS ROAD,PHOENIX,MARICOPA,85018,33.479898,-111.966421,LongTerm,POINT (-111.966421 33.479898),NursingAssisted
111,NORTH CHANDLER PLACE,NURSING HOME (NH),SNF/NF DUAL CERT,NH,66,2555 NORTH PRICE ROAD,CHANDLER,MARICOPA,85224,33.34242,-111.892786,LongTerm,POINT (-111.892786 33.34242),NursingAssisted
112,HAVEN OF SCOTTSDALE,NURSING HOME (NH),SNF/NF DUAL CERT,NH,90,3293 NORTH DRINKWATER BOULEVARD,SCOTTSDALE,MARICOPA,85251,33.485526,-111.923869,LongTerm,POINT (-111.923869 33.485526),NursingAssisted
113,HERITAGE COURT POST ACUTE OF SCOTTSDALE,NURSING HOME (NH),SNF/NF DUAL CERT,NH,108,3339 NORTH DRINKWATER BOULEVARD,SCOTTSDALE,MARICOPA,85251,33.487232,-111.921613,LongTerm,POINT (-111.921613 33.487232),NursingAssisted
114,WESTCHESTER CARE CENTER,NURSING HOME (NH),SNF/NF DUAL CERT,NH,56,6100 SOUTH RURAL ROAD,TEMPE,MARICOPA,85283,33.367241,-111.928773,LongTerm,POINT (-111.928773 33.367241),NursingAssisted
115,NORTH CHANDLER PLACE,NURSING HOME (NH),SNF/NF DUAL CERT,NH,66,2555 NORTH PRICE ROAD,CHANDLER,MARICOPA,85224,33.34242,-111.892786,LongTerm,POINT (-111.892786 33.34242),NursingAssisted
116,"ELDERCARE HOME OF TEMPE, LLC, THE",AL HOME-DIRECTED,ASSISTED LIVING HOME-DIRECTED,AL Home,10,1958 EAST DUKE DRIVE,TEMPE,MARICOPA,85283,33.377198,-111.902406,Res,POINT (-111.902406 33.377198),NursingAssisted
117,PERPETUAL HELP ASSISTED LIVING,AL HOME-DIRECTED,ASSISTED LIVING HOME-DIRECTED,AL Home,5,8201 EAST LEWIS AVENUE,SCOTTSDALE,MARICOPA,85257,33.475376,-111.903786,Res,POINT (-111.903786 33.475376),NursingAssisted
118,"ANGEL'S ADULT GROUP HOME, LLC",AL HOME-DIRECTED,ASSISTED LIVING HOME-DIRECTED,AL Home,5,15462 SOUTH 47TH PLACE,PHOENIX,MARICOPA,85044,33.305659,-111.982704,Res,POINT (-111.982704 33.305659),NursingAssisted
119,SUNSHINE CIRCLE ASSISTED LIVING ENCLAVE LLC,AL HOME-DIRECTED,ASSISTED LIVING HOME-DIRECTED,AL Home,10,6013 SOUTH 47TH STREET,PHOENIX,MARICOPA,85042,33.39217,-111.980653,Res,POINT (-111.980653 33.39217),NursingAssisted
120,COMFORT LIVING HOME CARE,AL HOME-DIRECTED,ASSISTED LIVING HOME-DIRECTED,AL Home,5,3304 NORTH LOS ALTOS DRIVE,CHANDLER,MARICOPA,85224,33.354744,-111.879725,Res,POINT (-111.879725 33.354744),NursingAssisted
121,MCDOWELL VILLAGE,Assisted Living Center,ASSISTED LIVING CENTER-PERSONAL,AL Center,68,8300 EAST MCDOWELL ROAD,SCOTTSDALE,MARICOPA,85257,33.46605,-111.902647,Res,POINT (-111.902647 33.46605),NursingAssisted
122,OUR PARENTS HOUSE,AL HOME-DIRECTED,ASSISTED LIVING HOME-DIRECTED,AL Home,8,2524 NORTH 80TH PLACE,SCOTTSDALE,MARICOPA,85257,33.47578,-111.907739,Res,POINT (-111.907739 33.47578),NursingAssisted
123,NUNNENKAMP CENTER FRIENDSHIP VILLAGE TEMPE,AL CENTER-DIRECTED,ASSISTED LIVING CENTER-DIRECTED,AL Center,72,2635 EAST SOUTHERN AVENUE,TEMPE,MARICOPA,85282,33.392874,-111.88136,Res,POINT (-111.88136 33.392874),NursingAssisted
124,MIMOSA SPRINGS,AL CENTER-DIRECTED,ASSISTED LIVING CENTER-DIRECTED,AL Center,42,8435 EAST MCDOWELL ROAD,SCOTTSDALE,MARICOPA,85257,33.465636,-111.899314,Res,POINT (-111.899314 33.465636),NursingAssisted
125,ELEGANT CARE II,AL HOME-DIRECTED,ASSISTED LIVING HOME-DIRECTED,AL Home,5,6052 WEST VICTORIA PLACE,CHANDLER,MARICOPA,85226,33.323244,-111.946654,Res,POINT (-111.946654 33.323244),NursingAssisted
126,TRANQUIL LIVING CARE HOME,AL HOME-DIRECTED,ASSISTED LIVING HOME-DIRECTED,AL Home,5,4144 WEST BART DRIVE,CHANDLER,MARICOPA,85226,33.314049,-111.913857,Res,POINT (-111.913857 33.314049),NursingAssisted
127,CARING HEARTS ASSISTED LIVING LLC,AL HOME-DIRECTED,ASSISTED LIVING HOME-DIRECTED,AL Home,5,2370 WEST MEGAN STREET,CHANDLER,MARICOPA,85224,33.31971,-111.883585,Res,POINT (-111.883585 33.31971),NursingAssisted
128,MOUNTAIN PARK SENIOR LIVING,AL CENTER-DIRECTED,ASSISTED LIVING CENTER-DIRECTED,AL Center,86,4475 EAST KNOX ROAD,PHOENIX,MARICOPA,85044,33.326806,-111.987772,Res,POINT (-111.987772 33.326806),NursingAssisted
129,SUNRISE OF CHANDLER,AL CENTER-DIRECTED,ASSISTED LIVING CENTER-DIRECTED,AL Center,100,5757 WEST CHANDLER BOULEVARD,CHANDLER,MARICOPA,85226,33.305166,-111.941028,Res,POINT (-111.941028 33.305166),NursingAssisted
130,BROOKDALE TEMPE,AL CENTER-DIRECTED,ASSISTED LIVING CENTER-DIRECTED,AL Center,52,1610 EAST GUADALUPE ROAD,TEMPE,MARICOPA,85283,33.363902,-111.914035,Res,POINT (-111.914035 33.363902),NursingAssisted
131,"VILLA AT BELLA VISTA, THE",AL CENTER-DIRECTED,ASSISTED LIVING CENTER-DIRECTED,AL Center,48,1825 WEST EMELITA AVENUE,MESA,MARICOPA,85202,33.398333,-111.870209,Res,POINT (-111.870209 33.398333),NursingAssisted
132,EVERLASTING SERVICES AT AHWATUKEE,AL HOME-DIRECTED,ASSISTED LIVING HOME-DIRECTED,AL Home,10,9859 SOUTH 46TH STREET,PHOENIX,MARICOPA,85044,33.356591,-111.981965,Res,POINT (-111.981965 33.356591),NursingAssisted
133,CASTLE CANYON ASSISTED LIVING INC,AL HOME-DIRECTED,ASSISTED LIVING HOME-DIRECTED,AL Home,5,3291 WEST HARRISON STREET,CHANDLER,MARICOPA,85226,33.316489,-111.899383,Res,POINT (-111.899383 33.316489),NursingAssisted
134,ELEGANT CARE LLC,AL HOME-DIRECTED,ASSISTED LIVING HOME-DIRECTED,AL Home,5,442 EAST SUNBURST LANE,TEMPE,MARICOPA,85284,33.348157,-111.93165,Res,POINT (-111.93165 33.348157),NursingAssisted
135,ELMCROFT OF TEMPE,AL CENTER-DIRECTED,ASSISTED LIVING CENTER-DIRECTED,AL Center,115,1875 EAST GUADALUPE ROAD,TEMPE,MARICOPA,85283,33.363644,-111.90734,Res,POINT (-111.90734 33.363644),NursingAssisted
136,"CAM ASSISTED LIVING HOME, LLC",AL HOME-DIRECTED,ASSISTED LIVING HOME-DIRECTED,AL Home,5,3351 WEST ROSS DRIVE,CHANDLER,MARICOPA,85226,33.318837,-111.899428,Res,POINT (-111.899428 33.318837),NursingAssisted
137,SUMMERFIELD AT LISBON ALH,AL HOME-DIRECTED,ASSISTED LIVING HOME-DIRECTED,AL Home,5,791 NORTH LISBON,CHANDLER,MARICOPA,85226,33.31708274,-111.89804054,Res,POINT (-111.89804054 33.31708274),NursingAssisted
138,BRANSIE TLC HOME,AL HOME-DIRECTED,ASSISTED LIVING HOME-DIRECTED,AL Home,5,2402 WEST ALAMO DRIVE,CHANDLER,MARICOPA,85224,33.348996,-111.883506,Res,POINT (-111.883506 33.348996),NursingAssisted
139,YUCCA ASSISTED LIVING LLC,AL HOME-DIRECTED,ASSISTED LIVING HOME-DIRECTED,AL Home,5,490 NORTH YUCCA STREET,CHANDLER,MARICOPA,85224,33.310952,-111.874229,Res,POINT (-111.874229 33.310952),NursingAssisted
140,EAST WEST MEDICINE GROUP,AL HOME-DIRECTED,ASSISTED LIVING HOME-DIRECTED,AL Home,5,3190 WEST DRAKE STREET,CHANDLER,MARICOPA,85226,33.3147,-111.897583,Res,POINT (-111.897583 33.3147),NursingAssisted
141,"JAL ASSISTED LIVING FACILITY, LLC",AL HOME-DIRECTED,ASSISTED LIVING HOME-DIRECTED,AL Home,5,3332 WEST VENICE WAY,CHANDLER,MARICOPA,85226,33.316011,-111.899094,Res,POINT (-111.899094 33.316011),NursingAssisted
142,BLOOMING MEADOWS,AL HOME-DIRECTED,ASSISTED LIVING HOME-DIRECTED,AL Home,6,2432 WEST PORTOBELLO AVENUE,MESA,MARICOPA,85202,33.35909,-111.886414,Res,POINT (-111.886414 33.35909),NursingAssisted
143,CHATEAUX AT ARCADIA,AL HOME-DIRECTED,ASSISTED LIVING HOME-DIRECTED,AL Home,10,5825 EAST INDIAN SCHOOL ROAD,PHOENIX,MARICOPA,85018,33.490733,-111.955499,Res,POINT (-111.955499 33.490733),NursingAssisted
144,LEGACY OF HEARTS ASSISTED LIVING LLC,AL HOME-DIRECTED,ASSISTED LIVING HOME-DIRECTED,AL Home,5,4638 EAST SUMMERHAVEN DRIVE,PHOENIX,MARICOPA,85044,33.324048,-111.984547,Res,POINT (-111.984547 33.324048),NursingAssisted
145,"STANDAGE RETREAT MANOR, LLC",AL HOME-DIRECTED,ASSISTED LIVING HOME-DIRECTED,AL Home,10,1426 WEST 7TH AVENUE,MESA,MARICOPA,85202,33.402287,-111.862576,Res,POINT (-111.862576 33.402287),NursingAssisted
146,CHANDLER SENIOR ASSISTED LIVING HOME LLC,AL HOME-DIRECTED,ASSISTED LIVING HOME-DIRECTED,AL Home,4,3374 WEST CONSTITUTION DRIVE,CHANDLER,MARICOPA,85226,33.321707,-111.899103,Res,POINT (-111.899103 33.321707),NursingAssisted
147,"BLUE SKY MANOR, INC",AL HOME-DIRECTED,ASSISTED LIVING HOME-DIRECTED,AL Home,10,1510 WEST 5TH PLACE,MESA,MARICOPA,85201,33.425311,-111.863559,Res,POINT (-111.863559 33.425311),NursingAssisted
148,WESTCHESTER GARDEN COURT,AL CENTER-DIRECTED,ASSISTED LIVING CENTER-DIRECTED,AL Center,72,601 EAST WESTCHESTER DRIVE,TEMPE,MARICOPA,85283,33.367248,-111.930568,Res,POINT (-111.930568 33.367248),NursingAssisted
149,"VILLA OCOTILLO MANAGEMENT CO, LLC",AL CENTER-DIRECTED,ASSISTED LIVING CENTER-DIRECTED,AL Center,120,3327 NORTH CIVIC CENTER PLAZA,SCOTTSDALE,MARICOPA,85251,33.48,-111.92,Res,POINT (-111.92 33.48),NursingAssisted
150,LA NINA ASSISTED LIVING,AL HOME-DIRECTED,ASSISTED LIVING HOME-DIRECTED,AL Home,5,843 EAST DIVOT DRIVE,TEMPE,MARICOPA,85283,33.355461,-111.929162,Res,POINT (-111.929162 33.355461),NursingAssisted
151,B & H ADULT CARE HOME,AL HOME-DIRECTED,ASSISTED LIVING HOME-DIRECTED,AL Home,5,7623 SOUTH KENWOOD LANE,TEMPE,MARICOPA,85284,33.348176,-111.902606,Res,POINT (-111.902606 33.348176),NursingAssisted
152,BROOKDALE NORTH CHANDLER,AL CENTER-DIRECTED,ASSISTED LIVING CENTER-DIRECTED,AL Center,50,2555 NORTH PRICE ROAD,CHANDLER,MARICOPA,85224,33.34242,-111.892786,Res,POINT (-111.892786 33.34242),NursingAssisted
153,"D'ARCY MANOR ASSISTED LIVING HOME, LLC",AL HOME-DIRECTED,ASSISTED LIVING HOME-DIRECTED,AL Home,5,3191 WEST GENOA WAY,CHANDLER,MARICOPA,85226,33.315199,-111.897512,Res,POINT (-111.897512 33.315199),NursingAssisted
154,AUDREYS ADULT CARE HOME,AL HOME-DIRECTED,ASSISTED LIVING HOME-DIRECTED,AL Home,10,1898 EAST ELLIS,TEMPE,MARICOPA,85282,33.38101,-111.904779,Res,POINT (-111.904779 33.38101),NursingAssisted
155,BROOKDALE CHANDLER RAY ROAD,AL CENTER-DIRECTED,ASSISTED LIVING CENTER-DIRECTED,AL Center,54,2800 WEST RAY ROAD,CHANDLER,MARICOPA,85224,33.320593,-111.890411,Res,POINT (-111.890411 33.320593),NursingAssisted
156,"MAY'S HAVEN, LLC",AL HOME-DIRECTED,ASSISTED LIVING HOME-DIRECTED,AL Home,5,1432 NORTH DE SOTO STREET,CHANDLER,MARICOPA,85224,33.328643,-111.891964,Res,POINT (-111.891964 33.328643),NursingAssisted
157,DESERT STREAM ASSISTED LIVING HOME 2,AL HOME-DIRECTED,ASSISTED LIVING HOME-DIRECTED,AL Home,5,5700 WEST PARK AVE,CHANDLER,MARICOPA,85226,33.321404,-111.939636,Res,POINT (-111.939636 33.321404),NursingAssisted
158,BROOKDALE CENTRAL CHANDLER,AL CENTER-DIRECTED,ASSISTED LIVING CENTER-DIRECTED,AL Center,112,1919 WEST CARLA VISTA DRIVE,CHANDLER,MARICOPA,85224,33.310531,-111.875657,Res,POINT (-111.875657 33.310531),NursingAssisted
159,"FAMILY LIVING HOMES, LLC",AL HOME-DIRECTED,ASSISTED LIVING HOME-DIRECTED,AL Home,5,1537 WEST MILAGRO AVENUE,MESA,MARICOPA,85202,33.366869,-111.866687,Res,POINT (-111.866687 33.366869),NursingAssisted
160,EMERSON ASSISTED LIVING HOME LLC,AL HOME-DIRECTED,ASSISTED LIVING HOME-DIRECTED,AL Home,6,2016 SOUTH EMERSON,MESA,MARICOPA,85210,33.378411,-111.856203,Res,POINT (-111.856203 33.378411),NursingAssisted
161,"ANDERSEN SPRINGS CARE HOME, LLC",AL HOME-DIRECTED,ASSISTED LIVING HOME-DIRECTED,AL Home,5,1764 WEST SAN TAN STREET,CHANDLER,MARICOPA,85224,33.31295,-111.87329,Res,POINT (-111.87329 33.31295),NursingAssisted
162,SECRET GARDEN ASSISTED LIVING,AL HOME-DIRECTED,ASSISTED LIVING HOME-DIRECTED,AL Home,5,1320 WEST 7TH STREET,TEMPE,MARICOPA,85281,33.423919,-111.959207,Res,POINT (-111.959207 33.423919),NursingAssisted
163,"GARDENS OF SCOTTSDALE, THE",AL CENTER-DIRECTED,ASSISTED LIVING CENTER-DIRECTED,AL Center,86,6001 EAST THOMAS ROAD,SCOTTSDALE,MARICOPA,85251,33.479967,-111.951966,Res,POINT (-111.951966 33.479967),NursingAssisted
164,COUNTRY VILLA LLC,AL HOME-DIRECTED,ASSISTED LIVING HOME-DIRECTED,AL Home,10,802 WEST 4TH PLACE,MESA,MARICOPA,85201,33.423856,-111.848751,Res,POINT (-111.848751 33.423856),NursingAssisted
165,MARTHA ANN'S RAINBOW HOUSE LLC,AL HOME-DIRECTED,ASSISTED LIVING HOME-DIRECTED,AL Home,5,2638 SOUTH HOLBROOK LANE,TEMPE,MARICOPA,85282,33.40068,-111.903335,Res,POINT (-111.903335 33.40068),NursingAssisted
166,"BLESSINGS OF JOY ADULT CARE HOME, LLC",AL HOME-DIRECTED,ASSISTED LIVING HOME-DIRECTED,AL Home,10,2532 EAST HUNTINGTON DRIVE,TEMPE,MARICOPA,85282,33.394751,-111.884589,Res,POINT (-111.884589 33.394751),NursingAssisted
167,MAY'S HAVEN LLC,AL HOME-DIRECTED,ASSISTED LIVING HOME-DIRECTED,AL Home,5,1518 WEST COMSTOCK DRIVE,CHANDLER,MARICOPA,85224,33.348389,-111.869041,Res,POINT (-111.869041 33.348389),NursingAssisted
168,LIANN'S HOMES,AL HOME-DIRECTED,ASSISTED LIVING HOME-DIRECTED,AL Home,5,1985 EAST PEBBLE BEACH DRIVE,TEMPE,MARICOPA,85282,33.390175,-111.901222,Res,POINT (-111.901222 33.390175),NursingAssisted
169,K & R ASSISTED LIVING HOME,AL HOME-DIRECTED,ASSISTED LIVING HOME-DIRECTED,AL Home,5,519 EAST MCKELLIPS ROAD,TEMPE,MARICOPA,85281,33.451044,-111.930638,Res,POINT (-111.930638 33.451044),NursingAssisted
170,TEMPE TBI HOME CARE LLC,AL HOME-DIRECTED,ASSISTED LIVING HOME-DIRECTED,AL Home,5,507 EAST WESTCHESTER DRIVE,TEMPE,MARICOPA,85283,33.367244,-111.931453,Res,POINT (-111.931453 33.367244),NursingAssisted
171,EMBLEM HOSPICE,HOSPICE,MEDICARE,Hospice,0,"3205 WEST RAY ROAD, SUITE 2A",CHANDLER,MARICOPA,85226,33.320064,-111.896848,MedFac,POINT (-111.896848 33.320064),Hospice
172,"SUNCREST HOSPICE PHOENIX, LLC",HOSPICE,MEDICARE,Hospice,0,"4650 EAST COTTON CENTER BOULEVARD, SUITE 250",PHOENIX,MARICOPA,85040,33.403418,-111.981239,MedFac,POINT (-111.981239 33.403418),Hospice
173,ZEPHYR HOSPICE,HOSPICE,MEDICARE,Hospice,0,"3014 NORTH HAYDEN ROAD, SUITE 109A",SCOTTSDALE,MARICOPA,85251,33.482534,-111.909121,MedFac,POINT (-111.909121 33.482534),Hospice
174,BROOKDALE HOSPICE,HOSPICE,MEDICARE,Hospice,0,"8222 SOUTH 48TH STREET, SUITE 105",PHOENIX,MARICOPA,85044,33.371862,-111.974469,MedFac,POINT (-111.974469 33.371862),Hospice
175,"HOSPICE PROMISE, LLC",HOSPICE,STATE ONLY,Hospice,0,"3100 WEST RAY ROAD, STE 201",CHANDLER,MARICOPA,85226,33.320519,-111.89583,MedFac,POINT (-111.89583 33.320519),Hospice
176,ANGELICA HOSPICE AND PALLIATIVE CARE LLC,HOSPICE,STATE ONLY,Hospice,0,"1660 SOUTH ALMA SCHOOL ROAD, SUITE 217",MESA,MARICOPA,85210,33.384276,-111.857731,MedFac,POINT (-111.857731 33.384276),Hospice
177,SERENITY HOSPICE AND PALLIATIVE CARE,HOSPICE,STATE ONLY,Hospice,7,1620 NORTH 48TH STREET,PHOENIX,MARICOPA,85008,33.465913,-111.978625,MedFac,POINT (-111.978625 33.465913),Hospice
178,"UNIQUE FAMILY SERVICES, LLC - EAGLE HOUSE",Behavioral Health Facility,BH RESIDENTIAL FACILITY - CHILD,BH Residential,4,1221 SOUTH HARDY DRIVE,TEMPE,MARICOPA,85281,33.41524,-111.95201,Res,POINT (-111.95201 33.41524),ChildFacilities
179,NEW HORIZON COMMUNITY CARE,Behavioral Health Facility,BH RESIDENTIAL FACILITY - CHILD,BH Residential,10,1102 WEST DIXON STREET,MESA,MARICOPA,85201,33.428844,-111.853877,Res,POINT (-111.853877 33.428844),ChildFacilities
180,"CHILD AND FAMILY SUPPORT SERVICES, INC.",AZ MEDICAL FACILITIES,OUTPATIENT TREATMENT CENTER,OTC,0,"10439 SOUTH 51ST STREET, SUITE 100",PHOENIX,MARICOPA,85044,33.35188,-111.973252,MedFac,POINT (-111.973252 33.35188),ChildFacilities
181,BANNER CHILDREN'S - BANNER HEALTH CLINIC,AZ MEDICAL FACILITIES,OUTPATIENT TREATMENT CENTER,OTC,0,"1450 SOUTH DOBSON ROAD, SUITE B220",MESA,MARICOPA,85202,33.389085,-111.87481,MedFac,POINT (-111.87481 33.389085),ChildFacilities
182,BANNER CHILDREN'S SPECIALISTS,AZ MEDICAL FACILITIES,OUTPATIENT TREATMENT CENTER,OTC,0,"1432 SOUTH DOBSON ROAD, SUITE 304",MESA,MARICOPA,85202,33.389583,-111.874807,MedFac,POINT (-111.874807 33.389583),ChildFacilities
183,"JEWISH FAMILY & CHILDREN'S SERVICE, INC.",AZ MEDICAL FACILITIES,OUTPATIENT TREATMENT CENTER,OTC,0,"1255 WEST BASELINE ROAD, SUITE B 258",MESA,MARICOPA,85202,33.378497,-111.861302,MedFac,POINT (-111.861302 33.378497),ChildFacilities
184,BANNER CHILDREN'S SPECIALISTS,AZ MEDICAL FACILITIES,OUTPATIENT TREATMENT CENTER,OTC,0,"1432 SOUTH DOBSON ROAD, SUITE 506",MESA,MARICOPA,85202,33.389583,-111.874807,MedFac,POINT (-111.874807 33.389583),ChildFacilities
185,BANNER CHILDREN'S SPECIALISTS,AZ MEDICAL FACILITIES,OUTPATIENT TREATMENT CENTER,OTC,0,"1432 SOUTH DOBSON ROAD, SUITE 107",MESA,MARICOPA,85202,33.389583,-111.874807,MedFac,POINT (-111.874807 33.389583),ChildFacilities
186,BANNER CHILDREN'S SPECIALISTS,AZ MEDICAL FACILITIES,OUTPATIENT TREATMENT CENTER,OTC,0,"1432 SOUTH DOBSON ROAD, SUITE 512",MESA,MARICOPA,85202,33.389583,-111.874807,MedFac,POINT (-111.874807 33.389583),ChildFacilities
187,BANNER CHILDREN'S SPECIALISTS,AZ MEDICAL FACILITIES,OUTPATIENT TREATMENT CENTER,OTC,0,"1432 SOUTH DOBSON, SUITE 501",MESA,MARICOPA,85202,33.389583,-111.874807,MedFac,POINT (-111.874807 33.389583),ChildFacilities
188,BANNER CHILDREN'S SPECIALISTS,AZ MEDICAL FACILITIES,OUTPATIENT TREATMENT CENTER,OTC,0,"1450 SOUTH DOBSON ROAD, SUITE B221",MESA,MARICOPA,85202,33.389085,-111.87481,MedFac,POINT (-111.87481 33.389085),ChildFacilities
189,PILLER CHILD DEVELOPMENT,AZ MEDICAL FACILITIES,OUTPATIENT TREATMENT CENTER,OTC,0,"10631 SOUTH 51ST STREET, SUITE 8",PHOENIX,MARICOPA,85044,33.35066,-111.975605,MedFac,POINT (-111.975605 33.35066),ChildFacilities
190,"FAMILY STRATEGIES & COACHING, LLC",MED-COUNSELING,COUNSELING,BH,0,"1745 SOUTH ALMA SCHOOL ROAD, #230",MESA,MARICOPA,85210,33.38348,-111.857457,MedFac,POINT (-111.857457 33.38348),ChildFacilities
191,"CHILD AND FAMILY SUPPORT SERVICES, INC.",AZ MEDICAL FACILITIES,OUTPATIENT TREATMENT CENTER,OTC,0,"10439 SOUTH 51ST STREET, SUITE 100",PHOENIX,MARICOPA,85044,33.35188,-111.973252,MedFac,POINT (-111.973252 33.35188),ChildFacilities
192,PRICE FAMILY SERVICES,AZ MEDICAL FACILITIES,OUTPATIENT TREATMENT CENTER,OTC,0,"4820 EAST MCDOWELL ROAD, SUITE 100",PHOENIX,MARICOPA,85008,33.465875,-111.977682,MedFac,POINT (-111.977682 33.465875),ChildFacilities
193,"JEWISH FAMILY & CHILDREN'S SERVICE, INC.",AZ MEDICAL FACILITIES,OUTPATIENT TREATMENT CENTER,OTC,0,"1255 WEST BASELINE ROAD, SUITE B 258",MESA,MARICOPA,85202,33.378497,-111.861302,MedFac,POINT (-111.861302 33.378497),ChildFacilities
194,PHOENIX FAMILY MEDICAL CLINIC,AZ MEDICAL FACILITIES,OUTPATIENT TREATMENT CENTER,OTC,0,"12020 SOUTH WARNER ELLIOT LOOP, SUITE 101",PHOENIX,MARICOPA,85044,33.337981,-111.993875,MedFac,POINT (-111.993875 33.337981),ChildFacilities
195,"ENRICHMENT FAMILY SERVICES, L L C",MED-COUNSELING,COUNSELING,BH,0,"310 NORTH DOBSON ROAD, SUITE 5",MESA,MARICOPA,85201,33.420526,-111.874554,MedFac,POINT (-111.874554 33.420526),ChildFacilities
196,"UNIQUE FAMILY SERVICES, LLC",AZ MEDICAL FACILITIES,OUTPATIENT TREATMENT CENTER,OTC,0,"4801 SOUTH LAKESHORE DRIVE, SUITE 101",TEMPE,MARICOPA,85282,33.380157,-111.920789,MedFac,POINT (-111.920789 33.380157),ChildFacilities
197,NOAH HEUSER FAMILY MEDICINE,FEDERALLY QUALIFIED HEALTH CENTER,FEDERALLY QUALIFIED HEALTH CENTER,OTC,0,"7301 EAST SECOND STREET, SUITE 210",SCOTTSDALE,MARICOPA,85251,33.491185,-111.92439,MedFac,POINT (-111.92439 33.491185),ChildFacilities
198,SOUTHWOOD PEDIATRIC THERAPY,MED-UNCLASSIFIED,UNCLASSIFIED,MED - Other,0,"1204 EAST BASELINE ROAD, #106",TEMPE,MARICOPA,85283,33.378463,-111.920074,MedFac,POINT (-111.920074 33.378463),ChildFacilities
199,ASAP - ADOLESCENT SUBSTANCE ABUSE PROGRAM,MED-COUNSELING,COUNSELING,BH,0,2530 SOUTH ALMA SCHOOL ROAD,MESA,MARICOPA,85210,33.368402,-111.859431,MedFac,POINT (-111.859431 33.368402),ChildFacilities
